previous_gpa,attendance_rate,study_hours,assignment_average,test_average,library_visits,class_participation,predicted_gpa,risk_level
3.48,100.0,6.2,76.3,56.9,1,10.0,4.45,MEDIUM
3.03,39.1,13.6,41.1,69.1,8,1.3,2.97,HIGH
3.38,82.0,15.4,61.7,65.0,14,8.4,4.0,LOW
2.05,78.7,19.0,29.6,55.3,11,8.6,3.53,MEDIUM
4.71,73.5,13.8,79.3,100.0,9,10.0,5.0,MEDIUM
1.73,69.5,14.3,37.2,38.8,9,6.0,2.71,HIGH
4.04,79.1,10.4,84.4,83.9,10,8.6,5.0,LOW
2.38,95.0,6.8,46.3,69.8,5,10.0,3.64,LOW
2.75,51.2,9.4,70.2,55.1,14,5.2,3.5,HIGH
4.02,65.1,20.6,68.6,82.6,12,8.7,4.35,MEDIUM
4.47,61.2,15.8,79.2,75.0,8,10.0,4.69,MEDIUM
1.51,60.4,14.4,25.2,53.5,13,6.1,2.58,MEDIUM
3.36,83.5,1.1,79.8,59.0,1,10.0,3.85,MEDIUM
3.19,87.4,13.9,78.7,71.2,7,9.8,4.29,LOW
1.65,95.0,4.0,38.5,53.1,0,10.0,3.29,MEDIUM
3.59,87.7,4.4,54.1,54.2,5,10.0,3.76,MEDIUM
1.8,89.0,5.1,39.9,35.2,3,10.0,2.78,HIGH
2.92,55.4,7.4,61.0,50.3,3,7.5,3.59,HIGH
2.53,100.0,17.0,46.6,66.4,8,9.9,3.93,LOW
2.75,74.6,13.4,79.8,42.4,7,6.4,3.52,HIGH
2.43,94.5,6.3,69.7,56.0,7,10.0,4.02,MEDIUM
3.85,56.0,8.5,55.3,80.7,7,2.7,3.82,HIGH
1.65,74.1,15.0,28.2,43.1,9,8.7,2.92,HIGH
3.35,93.1,16.2,69.8,80.2,11,10.0,4.71,LOW
2.44,78.4,12.8,41.0,29.1,8,7.5,3.34,HIGH
2.79,65.9,5.1,58.6,64.3,5,6.7,3.23,MEDIUM
3.34,99.0,9.5,65.1,62.5,4,10.0,4.44,MEDIUM
2.18,59.3,26.3,47.4,30.5,13,7.4,2.92,HIGH
2.69,77.7,4.7,65.6,42.7,4,9.6,3.26,HIGH
2.97,88.2,14.2,77.6,78.3,9,10.0,4.28,LOW
2.01,100.0,24.7,49.1,53.7,17,10.0,3.96,MEDIUM
2.45,70.7,10.4,39.7,62.0,8,7.0,3.16,MEDIUM
3.25,73.6,23.0,65.2,75.1,12,8.2,4.65,MEDIUM
1.07,70.9,7.9,25.2,16.7,2,10.0,2.23,HIGH
1.23,81.8,0.2,53.3,38.1,4,8.7,2.65,HIGH
2.52,87.4,8.5,59.8,66.5,7,10.0,3.65,LOW
3.13,95.5,7.5,66.0,57.0,8,5.5,4.16,MEDIUM
4.68,90.1,2.0,91.7,99.9,4,9.7,5.0,LOW
2.67,70.0,9.5,54.7,48.0,12,7.2,3.36,HIGH
1.38,91.0,17.9,48.2,38.8,10,5.8,3.05,HIGH
1.01,79.5,8.4,24.4,36.9,6,4.9,2.25,HIGH
2.6,89.9,9.7,63.7,63.5,9,9.9,4.1,MEDIUM
4.47,90.8,20.2,98.0,77.2,14,9.3,5.0,LOW
1.23,100.0,7.5,25.4,47.4,6,10.0,2.71,HIGH
2.47,72.3,15.7,55.4,57.7,5,2.0,3.18,MEDIUM
3.1,69.3,1.8,65.7,41.7,0,9.1,3.21,HIGH
2.13,85.2,6.2,36.2,69.9,3,10.0,3.43,LOW
3.88,96.9,10.7,59.5,60.8,7,6.9,4.45,MEDIUM
3.73,78.9,19.3,61.8,93.3,6,10.0,4.43,LOW
1.4,98.0,6.5,35.5,35.7,5,10.0,2.65,HIGH
3.3,89.0,6.5,68.6,60.0,7,6.2,3.87,MEDIUM
3.57,74.8,13.6,64.9,72.8,8,7.7,4.33,MEDIUM
2.59,87.0,14.6,73.1,45.8,10,9.1,3.67,HIGH
1.76,71.0,5.8,51.7,20.0,6,3.5,2.35,HIGH
4.16,81.8,8.9,81.9,74.9,1,7.5,4.34,LOW
1.53,60.8,18.5,33.7,43.9,13,8.9,3.08,HIGH
2.12,76.9,4.9,47.5,66.2,2,6.0,3.13,LOW
3.4,94.0,14.0,77.1,51.3,8,10.0,4.17,MEDIUM
3.99,90.3,8.9,84.0,80.8,4,9.8,4.5,LOW
4.29,87.9,20.4,88.4,76.8,15,7.2,5.0,LOW
2.0,82.6,15.5,42.0,46.4,6,8.4,3.18,HIGH
4.13,80.6,17.3,71.8,87.5,14,5.1,4.95,LOW
2.85,57.7,8.8,43.5,51.8,13,6.6,3.47,HIGH
2.9,74.7,16.9,63.8,60.6,5,7.1,3.59,MEDIUM
2.53,80.9,16.8,37.7,66.5,8,7.2,3.81,LOW
4.1,60.0,15.1,76.4,87.8,11,3.1,4.59,MEDIUM
1.11,50.0,10.3,27.4,18.9,4,4.8,1.74,HIGH
1.51,96.1,13.0,39.8,31.7,7,10.0,3.18,HIGH
4.23,78.8,0.9,90.2,75.5,2,5.1,4.17,LOW
3.43,81.4,22.6,80.0,75.8,11,10.0,4.82,LOW
4.57,86.9,8.4,90.5,78.9,6,9.2,5.0,LOW
3.89,62.3,10.0,65.7,73.4,9,4.5,4.08,MEDIUM
2.4,71.5,4.1,50.8,66.6,3,7.0,3.2,MEDIUM
3.97,100.0,16.0,65.8,69.5,6,10.0,4.43,LOW
3.83,70.2,15.2,65.9,89.3,13,9.8,4.68,MEDIUM
1.98,73.7,10.2,49.5,26.4,11,10.0,3.21,HIGH
2.65,67.3,0.0,45.1,50.4,3,10.0,2.96,MEDIUM
1.91,66.1,7.7,39.1,28.4,2,4.0,2.51,HIGH
4.33,95.7,14.8,69.3,80.0,6,8.1,4.78,LOW
4.72,38.4,13.5,92.4,93.1,1,1.0,4.33,HIGH
4.7,70.7,11.7,81.9,81.8,6,9.3,4.94,MEDIUM
1.63,81.6,9.5,17.3,35.2,9,7.8,2.24,HIGH
3.42,100.0,2.5,82.7,49.6,1,10.0,4.05,HIGH
4.64,59.8,17.8,94.8,100.0,8,3.1,5.0,HIGH
2.29,57.1,3.4,29.3,49.9,6,4.3,2.56,HIGH
3.79,64.2,10.8,79.2,65.6,10,4.8,4.11,MEDIUM
1.69,89.2,5.8,55.6,60.4,3,10.0,3.3,MEDIUM
3.34,80.0,18.0,63.3,60.6,12,9.4,4.63,MEDIUM
2.83,54.9,15.5,59.0,46.8,7,1.4,3.24,HIGH
2.85,79.6,9.9,54.5,49.4,5,7.0,3.23,HIGH
3.57,100.0,16.1,73.7,57.7,4,10.0,4.29,MEDIUM
2.87,82.2,3.0,68.4,45.4,4,10.0,3.6,HIGH
3.8,80.6,11.5,60.1,62.8,7,8.9,4.43,MEDIUM
3.35,81.6,5.7,58.3,93.9,2,8.5,4.32,LOW
0.85,84.6,18.2,28.7,16.1,10,6.6,2.6,HIGH
3.11,57.7,14.2,64.7,43.6,8,7.9,3.33,HIGH
3.87,74.3,15.9,77.1,75.5,7,5.0,4.53,MEDIUM
3.76,75.1,8.7,69.5,69.8,7,4.3,3.9,LOW
3.81,70.3,16.5,63.3,79.3,9,7.4,4.36,MEDIUM
3.66,89.0,5.3,79.7,62.6,4,8.0,4.37,MEDIUM
2.33,67.9,6.2,37.8,40.2,0,8.2,2.69,HIGH
3.31,72.2,10.9,59.7,84.4,7,8.2,3.85,MEDIUM
2.55,57.8,6.4,53.4,34.3,4,9.2,2.9,HIGH
3.71,84.1,16.3,75.5,74.3,7,9.2,4.61,LOW
3.26,93.1,9.2,60.9,71.9,8,10.0,4.38,LOW
3.99,72.2,5.5,82.4,83.8,0,5.5,4.1,MEDIUM
2.5,90.9,4.7,65.0,49.4,2,10.0,3.44,HIGH
3.15,75.6,16.2,56.0,47.1,11,7.0,3.79,HIGH
2.53,37.6,0.0,56.8,71.4,8,2.8,3.02,HIGH
4.54,77.2,5.9,85.6,76.2,0,5.9,4.53,LOW
4.57,75.2,20.4,80.1,100.0,12,10.0,5.0,LOW
1.24,79.6,9.9,14.6,39.8,8,8.0,2.34,HIGH
1.73,82.1,16.3,44.5,36.4,10,6.6,3.23,HIGH
1.69,67.1,14.6,45.0,46.4,5,8.1,3.2,HIGH
0.65,100.0,10.9,35.6,40.9,5,9.1,2.62,HIGH
4.1,76.9,2.0,73.1,76.4,0,6.1,4.04,LOW
3.92,74.8,4.0,67.1,64.0,4,10.0,4.24,MEDIUM
3.78,89.9,3.9,62.5,49.4,0,6.6,3.81,HIGH
3.47,78.3,14.9,37.1,61.5,10,10.0,4.07,MEDIUM
3.33,100.0,16.0,60.9,74.3,8,8.4,4.49,LOW
4.57,74.6,6.7,100.0,69.9,3,8.7,4.79,MEDIUM
2.61,83.6,11.5,66.8,62.7,8,8.2,3.76,MEDIUM
1.47,66.0,12.0,27.1,38.9,8,8.1,2.19,HIGH
3.56,91.9,12.5,63.2,76.8,10,6.4,4.41,LOW
3.03,82.9,7.4,55.3,32.4,4,5.3,3.39,HIGH
1.44,72.6,21.8,50.6,21.2,12,8.8,3.02,HIGH
2.17,64.0,16.1,69.7,42.8,5,2.8,2.97,HIGH
3.81,57.0,12.4,73.1,93.7,12,3.4,4.21,HIGH
4.73,84.7,8.9,88.6,75.2,3,8.3,5.0,LOW
2.55,55.8,7.0,58.5,52.2,7,3.0,3.1,HIGH
2.16,98.9,14.4,47.2,74.0,11,7.6,3.39,LOW
4.05,57.8,9.2,78.6,79.9,7,5.0,4.11,HIGH
2.36,75.1,12.8,50.9,61.3,7,3.1,3.26,MEDIUM
0.77,63.9,0.6,31.3,21.0,1,3.6,1.4,HIGH
3.71,78.5,8.8,50.6,84.1,6,10.0,4.24,LOW
3.26,78.4,11.3,59.1,79.6,1,9.8,4.0,LOW
3.35,85.1,17.8,53.4,70.9,10,10.0,4.36,LOW
4.15,53.6,6.5,84.2,75.1,9,6.5,4.2,HIGH
3.4,65.8,3.1,58.2,72.4,2,9.2,3.62,MEDIUM
3.34,93.5,14.7,49.5,45.3,9,8.5,3.84,HIGH
2.94,88.5,11.6,41.3,72.3,4,8.5,4.0,LOW
2.27,38.0,1.7,53.5,39.5,3,4.6,2.46,HIGH
0.84,84.0,2.0,18.3,26.4,0,4.6,1.82,HIGH
3.53,61.5,8.1,66.5,83.2,8,7.2,4.15,MEDIUM
3.39,68.5,11.5,81.7,78.7,11,5.6,4.25,MEDIUM
1.98,74.4,20.3,48.4,26.2,16,6.5,2.92,HIGH
1.17,100.0,5.5,27.5,23.0,0,10.0,2.61,HIGH
2.93,61.3,15.2,47.1,66.6,11,3.0,3.37,MEDIUM
3.84,55.5,0.2,77.0,50.9,4,5.7,3.51,HIGH
3.74,85.2,14.2,69.8,87.4,7,9.4,4.37,LOW
1.78,77.6,21.0,47.4,44.3,16,6.7,3.5,HIGH
2.37,97.3,12.9,26.7,68.1,9,9.8,3.69,LOW
1.85,72.4,8.0,54.1,34.9,10,7.4,2.99,HIGH
1.32,97.4,19.4,17.6,28.6,7,10.0,3.01,HIGH
4.66,78.3,14.1,80.1,95.7,6,7.5,5.0,LOW
2.34,86.5,12.9,64.0,47.2,8,6.1,3.37,HIGH
4.11,100.0,5.9,54.3,60.6,8,8.8,4.3,MEDIUM
2.16,75.3,14.2,46.6,55.0,10,6.8,3.33,MEDIUM
3.59,94.7,7.9,66.1,49.1,3,7.9,3.93,HIGH
3.82,68.2,13.9,72.1,88.8,14,7.2,4.42,MEDIUM
3.21,81.6,12.3,66.6,65.1,7,8.4,4.36,LOW
3.63,54.9,18.5,69.6,58.1,8,5.7,4.13,HIGH
3.67,69.9,8.5,56.7,83.1,3,5.2,4.06,MEDIUM
3.85,61.1,11.1,73.8,85.9,3,6.4,4.52,MEDIUM
1.9,97.5,16.8,43.3,44.6,3,10.0,3.48,HIGH
1.62,100.0,10.6,38.7,68.0,6,10.0,3.41,LOW
4.88,72.3,11.9,100.0,100.0,3,9.4,5.0,MEDIUM
0.8,65.6,9.6,40.4,33.1,7,6.8,2.38,HIGH
1.7,57.0,11.0,58.8,54.6,10,4.4,2.68,HIGH
3.51,82.2,16.0,71.1,82.9,11,9.9,4.81,LOW
3.51,68.4,23.0,85.6,53.6,13,4.0,3.9,MEDIUM
4.07,69.2,1.9,67.5,78.4,0,5.8,4.22,MEDIUM
3.79,100.0,4.4,68.3,62.9,6,9.7,4.43,MEDIUM
4.26,73.3,11.2,73.0,67.7,13,8.6,4.92,MEDIUM
1.78,87.4,12.3,36.8,44.4,12,10.0,3.26,HIGH
0.5,78.8,10.7,23.0,27.4,3,9.6,2.3,HIGH
4.22,56.3,8.7,80.3,57.7,6,7.1,4.22,HIGH
2.4,48.5,4.6,55.3,55.7,3,6.6,2.77,HIGH
1.81,85.8,8.3,59.6,40.3,4,10.0,2.98,HIGH
4.27,100.0,16.9,63.8,94.6,10,7.7,4.88,LOW
2.17,83.0,12.6,35.5,62.3,14,10.0,3.55,MEDIUM
2.05,88.0,16.1,21.4,36.5,10,10.0,3.12,HIGH
3.29,63.5,4.8,56.0,79.8,3,6.0,3.69,MEDIUM
4.04,94.2,20.7,71.1,80.9,13,10.0,5.0,LOW
3.31,94.0,8.6,57.7,61.8,2,6.8,3.74,MEDIUM
4.3,66.9,14.9,68.1,72.0,7,6.2,4.53,MEDIUM
1.46,86.7,11.2,37.9,24.7,10,8.0,2.84,HIGH
3.93,49.7,8.8,70.1,58.4,6,4.1,4.02,HIGH
4.24,89.6,14.6,69.8,55.4,15,10.0,4.75,MEDIUM
3.28,68.8,15.6,65.7,64.1,10,7.1,3.99,MEDIUM
3.51,58.4,28.1,61.9,42.4,12,3.4,4.25,HIGH
1.52,84.4,15.8,49.4,28.9,5,6.1,2.84,HIGH
4.88,49.7,15.7,86.5,94.1,12,1.0,4.79,HIGH
2.45,83.5,18.9,48.3,70.2,8,10.0,4.0,LOW
2.58,59.9,15.2,56.4,40.4,6,5.5,3.35,HIGH
4.38,56.5,11.8,60.7,86.7,6,7.2,4.37,HIGH
2.04,79.0,14.0,57.8,42.9,11,10.0,4.0,HIGH
3.17,75.2,17.1,70.4,56.2,9,5.7,3.83,MEDIUM
1.66,100.0,20.3,32.0,43.1,9,10.0,3.66,HIGH
3.69,57.4,2.9,59.0,61.8,7,8.6,3.41,HIGH
4.33,100.0,0.7,69.9,77.6,5,9.0,4.4,LOW
1.61,59.8,20.1,25.0,41.3,17,5.3,2.46,HIGH
1.01,92.7,7.2,13.2,46.0,9,10.0,2.46,HIGH
0.32,95.7,2.1,5.4,39.1,6,10.0,1.8,HIGH
2.11,83.1,1.5,20.1,40.3,0,9.6,2.69,HIGH
2.93,65.3,22.8,55.3,55.7,15,4.8,3.6,MEDIUM
4.62,53.6,17.3,83.0,92.3,14,3.9,5.0,HIGH
3.3,46.8,7.2,77.3,62.0,11,3.7,3.7,HIGH
3.37,100.0,7.5,75.4,73.7,6,6.4,4.32,LOW
4.06,73.3,12.3,68.5,85.7,6,7.0,4.54,MEDIUM
3.29,60.3,17.2,61.8,76.2,7,6.0,4.11,MEDIUM
2.3,59.7,10.2,60.6,51.3,10,6.1,3.46,HIGH
2.59,80.7,7.3,49.4,40.3,3,5.2,2.99,HIGH
4.0,71.7,18.8,76.8,72.0,11,7.9,4.47,MEDIUM
4.02,47.3,11.8,69.2,68.2,5,2.8,3.9,HIGH
1.23,91.8,10.9,33.8,44.5,6,8.7,3.19,HIGH
3.18,83.4,15.6,63.6,80.8,11,6.9,4.03,LOW
2.34,100.0,0.0,46.6,69.4,2,10.0,3.63,LOW
4.25,96.3,14.8,89.4,88.1,11,8.3,5.0,LOW
1.52,28.4,14.5,29.2,28.1,5,5.5,2.16,HIGH
3.96,100.0,3.7,75.6,90.3,3,10.0,4.81,LOW
4.61,97.3,0.4,100.0,87.7,0,10.0,5.0,LOW
2.33,66.2,8.6,53.1,40.8,3,6.8,3.35,HIGH
2.71,71.1,13.1,47.8,66.3,6,5.4,3.66,MEDIUM
3.17,84.6,13.7,66.1,59.8,6,9.3,3.76,MEDIUM
3.11,61.8,22.2,86.0,38.2,14,5.3,3.88,HIGH
1.14,74.1,13.1,32.5,22.2,9,8.0,2.47,HIGH
2.31,94.0,3.6,57.6,49.6,6,10.0,3.69,HIGH
4.03,86.3,10.5,75.5,73.2,8,10.0,4.65,LOW
2.93,67.3,4.2,61.7,46.2,4,7.7,3.32,HIGH
4.4,94.4,10.9,80.2,88.6,7,10.0,5.0,LOW
3.73,82.8,20.5,60.8,76.5,14,9.6,4.71,LOW
2.39,82.3,14.8,54.5,34.2,3,7.8,3.25,HIGH
2.1,69.8,7.7,34.2,78.9,5,8.3,3.2,MEDIUM
1.38,77.9,15.6,32.5,22.7,10,7.5,2.59,HIGH
1.41,65.6,7.3,55.2,32.2,11,5.7,2.69,HIGH
2.91,47.0,0.0,58.0,63.3,0,2.5,3.05,HIGH
2.91,73.5,4.6,49.4,53.2,0,8.7,3.87,MEDIUM
2.72,76.0,14.8,58.3,73.6,2,6.5,3.5,LOW
3.82,80.2,16.6,66.8,69.4,6,9.3,4.55,LOW
1.56,97.4,22.3,39.5,28.8,12,9.7,3.57,HIGH
2.65,67.6,14.0,43.0,62.5,6,6.2,3.25,MEDIUM
2.99,72.1,20.1,67.6,25.1,9,5.5,3.64,HIGH
1.42,90.3,15.8,37.5,44.3,9,10.0,3.08,HIGH
4.25,66.0,17.6,68.8,93.0,12,5.8,4.61,MEDIUM
1.9,80.5,18.6,47.0,16.9,11,10.0,2.93,HIGH
2.61,71.5,14.9,73.5,49.7,9,5.5,3.59,HIGH
2.85,74.1,18.4,49.8,38.1,12,10.0,3.62,HIGH
2.89,90.1,7.8,65.9,58.6,0,9.2,3.95,MEDIUM
3.67,72.0,0.0,74.2,96.3,2,8.9,4.0,MEDIUM
1.51,90.7,15.9,41.7,41.9,9,6.5,3.24,HIGH
2.3,46.8,14.2,58.5,47.5,9,2.1,3.09,HIGH
4.51,55.1,6.7,79.9,47.3,3,6.0,3.98,HIGH
1.99,40.9,4.4,46.4,32.6,3,2.1,2.64,HIGH
2.46,59.3,12.8,52.9,50.8,9,8.6,3.57,HIGH
3.12,100.0,16.3,53.3,62.8,14,10.0,4.22,MEDIUM
3.36,77.7,15.1,69.9,69.1,4,6.5,3.86,LOW
2.69,66.5,5.9,51.8,64.9,6,4.8,3.17,MEDIUM
3.63,90.5,7.2,87.8,58.0,9,8.5,4.25,MEDIUM
3.09,92.8,16.0,56.2,61.7,6,8.1,3.68,MEDIUM
1.77,58.5,12.4,28.3,36.8,7,6.8,2.66,HIGH
1.86,100.0,18.4,54.0,32.7,12,9.8,3.26,HIGH
3.26,82.4,10.1,56.4,53.2,13,10.0,4.01,MEDIUM
2.39,84.4,16.4,38.8,58.0,16,9.7,3.91,MEDIUM
3.77,86.0,11.8,75.4,40.0,4,6.9,4.26,HIGH
2.11,85.9,7.7,60.0,25.3,4,7.7,2.98,HIGH
3.97,68.1,17.6,82.0,100.0,11,5.1,4.67,MEDIUM
2.73,100.0,6.0,50.3,48.3,6,8.3,3.85,HIGH
4.47,73.4,12.4,83.4,98.3,8,3.8,5.0,MEDIUM
3.04,93.3,13.1,57.7,59.8,5,10.0,4.16,MEDIUM
3.61,70.4,11.3,85.8,61.8,4,9.6,4.1,MEDIUM
2.43,67.6,17.9,47.1,59.9,6,4.8,3.09,MEDIUM
0.83,100.0,15.4,28.4,30.6,3,7.8,2.83,HIGH
2.82,76.3,14.7,59.0,55.4,4,8.7,3.7,MEDIUM
2.33,77.5,12.4,38.3,50.1,11,6.1,3.48,MEDIUM
2.48,82.5,23.1,50.3,57.5,15,10.0,3.84,MEDIUM
1.06,100.0,20.8,29.1,24.5,14,8.6,3.15,HIGH
3.75,100.0,17.5,85.0,64.7,10,5.7,4.95,MEDIUM
4.53,98.5,16.5,84.9,69.7,10,9.6,5.0,LOW
4.83,100.0,8.4,83.7,71.2,5,8.8,5.0,LOW
3.17,62.9,11.7,61.1,84.6,3,6.6,3.67,MEDIUM
2.11,88.5,15.8,46.0,36.7,11,8.2,3.11,HIGH
4.12,79.2,18.3,76.4,87.6,13,9.1,5.0,LOW
2.77,49.7,17.4,65.8,52.5,7,5.8,3.33,HIGH
3.49,85.4,15.5,77.2,73.4,6,9.2,4.54,LOW
2.33,70.1,24.0,40.0,50.5,15,7.4,3.56,MEDIUM
1.93,100.0,11.2,54.6,23.5,8,10.0,3.38,HIGH
3.15,71.7,18.1,69.8,62.5,13,4.4,4.11,MEDIUM
3.67,70.8,17.3,69.6,76.7,14,7.9,4.66,MEDIUM
3.07,100.0,14.7,46.2,49.5,6,10.0,3.96,HIGH
3.67,77.0,14.9,72.2,97.2,9,8.4,4.77,LOW
3.87,96.6,14.8,69.4,81.9,6,9.3,4.75,LOW
2.92,84.8,7.8,64.4,68.7,3,9.7,4.14,LOW
3.88,85.0,14.4,79.7,83.4,7,9.0,5.0,LOW
3.69,74.1,16.5,83.6,41.7,14,8.8,4.41,HIGH
2.89,86.0,13.9,47.8,67.0,12,8.4,4.05,LOW
4.43,75.9,0.9,100.0,100.0,2,4.7,4.71,LOW
1.31,65.1,2.5,43.6,45.4,0,6.2,2.43,HIGH
2.23,76.3,7.1,55.5,46.0,6,5.7,3.03,HIGH
3.73,98.6,11.3,90.1,56.8,8,8.9,4.46,MEDIUM
4.62,86.6,7.4,87.5,68.2,2,8.8,4.67,LOW
2.86,90.3,15.9,68.2,42.1,12,10.0,4.35,HIGH
3.11,78.0,19.2,63.4,56.8,8,9.1,4.04,MEDIUM
1.93,47.0,20.0,52.3,32.2,14,5.1,3.19,HIGH
3.83,58.5,14.0,84.1,69.8,9,8.3,4.16,HIGH
3.49,73.4,18.5,77.9,69.3,6,7.4,4.35,MEDIUM
3.78,59.8,8.6,56.6,50.3,5,6.4,3.74,HIGH
3.27,69.6,11.1,59.9,54.6,7,6.2,3.82,MEDIUM
3.69,69.0,5.0,82.1,62.8,5,4.8,3.71,MEDIUM
2.98,69.5,19.2,64.6,52.4,14,8.1,3.69,MEDIUM
3.02,100.0,23.8,59.8,60.5,17,6.9,4.51,MEDIUM
3.45,77.2,9.9,71.8,67.8,6,5.9,3.92,LOW
3.24,93.0,0.0,52.5,58.2,3,9.7,3.84,MEDIUM
2.27,80.6,6.3,56.9,41.7,9,6.4,3.47,HIGH
2.08,100.0,8.1,49.9,46.9,2,10.0,3.25,HIGH
1.61,94.3,4.0,40.0,57.8,2,9.7,3.0,MEDIUM
1.88,68.5,5.8,41.4,26.9,0,5.7,2.02,HIGH
2.69,100.0,13.2,57.6,69.2,6,10.0,4.26,LOW
3.48,70.7,16.0,64.4,47.1,10,7.2,4.32,HIGH
1.54,81.2,0.0,34.8,43.8,0,5.8,2.21,HIGH
1.95,84.0,8.8,62.2,57.9,7,9.5,3.75,MEDIUM
2.49,85.8,12.2,36.5,37.0,6,4.5,3.32,HIGH
1.94,90.7,5.6,28.4,49.3,4,10.0,3.19,HIGH
1.89,65.9,13.4,51.2,31.9,5,7.7,2.74,HIGH
2.29,89.4,11.3,37.2,64.1,7,10.0,3.52,MEDIUM
2.09,87.3,9.3,26.3,28.1,11,10.0,3.07,HIGH
3.97,78.0,6.8,84.7,62.9,4,7.7,4.38,MEDIUM
1.67,75.0,13.6,52.6,42.9,2,6.0,2.87,HIGH
2.91,65.1,7.4,45.6,67.3,9,6.5,3.57,MEDIUM
0.71,85.7,1.6,7.7,29.1,4,10.0,1.95,HIGH
2.86,67.4,12.1,45.7,64.0,8,5.1,3.44,MEDIUM
4.17,81.8,4.6,70.5,69.7,5,8.5,4.28,LOW
0.61,76.4,2.1,43.3,13.4,3,4.0,2.04,HIGH
2.73,56.7,12.8,51.6,73.7,13,4.0,3.25,HIGH
3.91,63.1,11.0,81.9,78.7,9,4.6,4.43,MEDIUM
3.79,84.5,6.8,79.1,65.3,4,10.0,4.41,LOW
1.2,69.6,13.4,46.3,15.0,13,4.3,1.94,HIGH
2.52,69.1,14.5,46.6,68.0,14,7.7,3.84,MEDIUM
2.68,65.8,13.4,55.2,70.8,11,9.8,4.02,MEDIUM
1.31,66.3,13.2,32.5,33.8,9,8.6,2.52,HIGH
1.99,100.0,2.4,50.2,37.9,0,10.0,3.2,HIGH
2.57,60.1,19.8,65.7,50.8,13,9.3,3.78,MEDIUM
3.08,100.0,15.3,83.0,58.6,10,10.0,4.92,MEDIUM
2.54,72.7,6.3,49.2,62.8,5,8.2,3.49,MEDIUM
1.66,67.5,11.9,41.3,27.5,10,7.1,2.69,HIGH
0.82,84.1,13.1,35.9,22.5,8,9.4,2.73,HIGH
3.08,78.8,11.8,67.3,58.9,9,8.7,4.28,MEDIUM
3.16,74.8,22.8,79.6,65.4,16,10.0,4.95,MEDIUM
4.01,81.5,0.3,74.1,84.6,0,8.7,4.21,LOW
1.05,78.6,3.1,26.7,36.4,0,6.0,2.24,HIGH
2.06,74.6,0.0,59.6,67.8,0,8.6,3.1,MEDIUM
3.6,93.0,12.5,72.1,56.6,14,10.0,4.91,MEDIUM
3.78,54.8,15.3,77.1,88.4,11,3.8,4.34,HIGH
4.51,63.4,14.2,81.9,69.7,11,4.6,4.69,MEDIUM
0.77,65.4,10.3,35.8,24.0,10,8.4,2.23,HIGH
3.68,61.1,14.4,61.6,74.2,6,5.0,4.09,MEDIUM
3.32,79.4,10.2,60.3,78.7,0,7.1,3.63,LOW
4.39,86.1,16.4,54.4,74.8,10,7.7,4.84,LOW
1.31,46.6,18.6,28.4,41.1,14,5.2,2.75,HIGH
1.66,70.4,6.4,49.2,37.5,4,9.2,2.67,HIGH
2.91,72.9,10.3,59.1,31.2,3,8.6,2.95,HIGH
2.05,73.4,11.2,36.6,46.3,4,6.4,3.21,HIGH
4.23,57.4,20.6,92.8,62.4,8,8.4,4.87,HIGH
4.03,73.0,7.1,76.9,89.7,3,9.0,4.69,MEDIUM
3.01,63.4,18.6,77.1,75.5,7,8.3,4.14,MEDIUM
4.21,72.6,3.2,86.6,66.8,4,9.2,4.3,MEDIUM
2.64,50.5,19.5,56.4,43.0,10,4.0,3.48,HIGH
3.4,72.8,17.1,84.3,58.0,12,5.4,4.13,MEDIUM
2.26,66.5,11.1,45.1,56.0,4,6.0,3.13,MEDIUM
3.0,73.8,17.5,49.0,66.4,11,9.4,3.96,MEDIUM
3.55,82.8,9.0,84.2,100.0,6,5.9,4.68,LOW
2.35,77.3,6.5,56.4,47.3,6,5.1,3.13,HIGH
2.77,90.7,22.2,70.4,57.8,14,5.4,4.15,MEDIUM
3.32,72.2,8.8,73.5,87.6,8,4.7,4.51,MEDIUM
2.28,87.9,16.1,65.7,53.4,12,7.2,3.87,MEDIUM
3.61,96.0,18.7,64.0,55.5,12,9.8,4.55,MEDIUM
3.43,82.4,16.8,64.6,70.1,11,5.9,4.42,LOW
2.75,77.7,15.6,54.3,65.0,7,9.1,3.62,MEDIUM
3.11,84.6,16.1,59.7,57.4,12,8.6,4.27,MEDIUM
4.64,82.9,18.3,68.9,92.5,9,4.2,4.98,LOW
1.85,94.0,13.9,44.4,52.4,8,9.4,3.31,MEDIUM
2.71,90.7,11.8,63.6,50.4,5,9.4,3.76,MEDIUM
4.88,90.9,3.8,81.4,100.0,1,10.0,5.0,LOW
2.11,78.7,13.9,37.5,38.2,8,8.4,3.11,HIGH
2.42,83.5,18.2,49.9,57.1,10,4.8,3.79,MEDIUM
3.88,83.2,5.4,81.1,65.1,2,8.8,4.12,LOW
3.57,58.7,10.6,57.7,47.6,7,6.2,3.32,HIGH
3.69,95.1,14.6,93.7,74.0,9,10.0,4.74,LOW
1.49,51.3,21.1,24.3,62.0,10,10.0,2.91,HIGH
3.89,89.4,5.0,67.6,71.8,11,7.9,4.4,LOW
4.47,82.3,16.8,93.4,62.6,11,6.9,4.78,MEDIUM
2.62,73.5,9.9,63.9,57.3,7,8.3,3.37,MEDIUM
3.93,84.3,8.0,82.8,63.3,3,10.0,4.14,MEDIUM
2.48,84.7,6.5,45.3,65.3,5,9.8,3.29,LOW
2.79,57.1,8.1,51.9,54.3,6,5.0,3.11,HIGH
1.51,100.0,15.0,29.1,17.9,9,10.0,2.71,HIGH
3.18,79.2,10.6,59.6,68.7,11,10.0,4.03,LOW
4.23,100.0,16.3,82.3,79.7,5,8.5,5.0,LOW
2.97,90.6,5.3,50.9,55.9,3,7.1,3.32,MEDIUM
3.9,78.8,16.2,56.1,60.2,12,8.0,4.32,MEDIUM
2.39,67.0,14.6,62.5,72.9,6,7.3,3.44,MEDIUM
3.69,76.2,3.0,68.5,64.2,0,10.0,3.7,MEDIUM
3.42,80.4,21.0,73.8,76.7,10,7.1,4.59,LOW
1.17,100.0,14.0,29.4,28.8,12,10.0,3.04,HIGH
1.96,97.6,16.6,49.8,53.6,7,10.0,3.8,MEDIUM
2.63,85.2,18.9,77.8,55.5,10,9.0,4.33,MEDIUM
2.74,100.0,17.8,44.7,56.8,12,9.2,3.96,MEDIUM
3.35,45.7,11.2,57.4,55.0,5,5.7,3.45,HIGH
1.38,85.4,16.4,26.7,43.6,8,7.9,2.81,HIGH
1.38,98.1,1.1,56.7,54.1,0,10.0,3.36,MEDIUM
2.76,86.8,14.4,56.3,44.3,7,8.3,3.47,HIGH
3.86,56.7,22.4,81.7,62.0,9,5.4,4.38,HIGH
3.4,100.0,7.8,39.6,100.0,5,9.2,4.17,LOW
2.0,90.2,17.5,48.7,34.0,13,7.9,3.38,HIGH
1.0,83.5,22.6,26.4,25.3,18,10.0,2.55,HIGH
2.24,79.4,16.1,62.5,66.0,13,8.3,3.89,LOW
3.31,100.0,18.2,71.3,81.3,11,10.0,5.0,LOW
4.19,85.1,2.6,73.6,47.5,8,4.0,3.84,HIGH
1.26,74.1,6.4,49.7,44.8,12,6.4,2.73,HIGH
4.15,65.0,20.6,94.0,73.8,12,5.0,4.9,MEDIUM
3.11,90.1,17.8,76.7,59.7,7,8.5,4.28,MEDIUM
4.19,93.8,15.0,85.4,90.6,13,7.3,5.0,LOW
3.34,78.9,10.4,62.3,60.6,3,4.7,3.83,MEDIUM
3.42,69.1,13.7,68.6,59.7,6,8.3,4.16,MEDIUM
4.11,99.3,22.4,72.5,71.7,6,8.7,4.51,LOW
2.33,63.8,11.4,52.1,46.4,9,7.5,3.21,HIGH
4.46,100.0,16.2,75.9,84.6,3,7.6,4.79,LOW
2.9,66.2,16.0,56.8,74.5,12,3.4,3.7,MEDIUM
3.93,57.5,8.0,95.4,78.1,11,6.2,4.5,HIGH
4.18,59.6,8.5,80.9,76.4,11,7.2,4.36,HIGH
0.84,60.2,21.2,23.3,36.3,8,4.8,2.14,HIGH
3.82,74.2,15.4,61.3,80.8,4,5.4,4.5,MEDIUM
4.28,70.5,7.9,78.3,84.9,4,9.5,4.81,MEDIUM
3.84,94.4,10.1,80.0,63.7,9,9.3,4.29,MEDIUM
1.53,92.1,6.1,39.3,44.5,8,7.2,3.07,HIGH
1.99,74.4,18.4,44.3,20.4,13,4.4,2.9,HIGH
2.5,100.0,10.5,56.7,71.4,8,8.6,4.02,LOW
3.11,74.2,10.6,65.5,79.9,14,6.6,4.44,MEDIUM
2.43,76.3,17.0,58.5,62.7,9,9.2,3.82,MEDIUM
4.09,57.6,1.9,83.6,90.1,0,5.7,4.33,HIGH
0.33,76.7,11.8,19.1,21.7,4,7.4,1.97,HIGH
2.55,82.8,11.9,51.8,44.6,9,6.4,3.45,HIGH
1.95,59.1,10.3,44.2,30.2,6,8.7,2.54,HIGH
4.48,70.0,8.7,87.8,92.8,8,9.0,5.0,MEDIUM
3.36,83.2,7.7,76.7,56.1,4,10.0,3.45,MEDIUM
3.23,69.6,13.7,60.1,58.7,10,6.8,3.68,MEDIUM
1.95,66.3,5.9,42.7,48.0,3,7.4,2.71,HIGH
3.48,90.5,13.0,59.0,66.3,7,3.9,4.21,LOW
1.57,57.5,8.7,23.5,43.1,6,6.2,2.1,HIGH
3.08,60.6,9.1,48.9,39.5,1,9.9,3.21,HIGH
4.22,80.8,13.2,68.3,74.3,8,6.9,4.68,LOW
4.29,91.5,9.0,72.6,87.9,8,7.2,4.54,LOW
2.12,82.9,19.6,51.4,42.5,8,8.0,3.4,HIGH
4.15,74.4,11.2,66.5,65.7,13,5.7,4.26,MEDIUM
0.86,73.1,18.3,28.1,41.5,11,5.5,2.44,HIGH
2.62,94.2,7.4,62.7,49.7,3,9.9,3.68,HIGH
2.17,91.7,7.3,39.3,50.7,3,10.0,3.19,MEDIUM
0.58,78.8,2.0,18.7,23.5,7,8.4,2.14,HIGH
3.65,73.6,9.0,56.5,69.0,4,5.1,3.95,MEDIUM
4.09,78.6,10.6,66.8,93.6,8,6.5,4.57,LOW
3.94,66.4,12.5,87.8,80.0,10,7.3,4.58,MEDIUM
3.67,75.6,16.2,75.1,54.8,11,8.9,4.22,MEDIUM
3.28,70.2,15.7,85.7,59.4,8,6.6,4.39,MEDIUM
4.53,76.4,18.8,75.5,76.4,13,5.9,4.92,LOW
2.28,70.7,6.7,64.2,52.4,5,8.6,3.3,MEDIUM
3.48,86.4,12.2,59.9,77.6,2,10.0,4.37,LOW
1.98,91.1,6.0,39.6,46.0,8,10.0,3.57,HIGH
3.91,71.9,14.5,100.0,72.7,7,10.0,4.62,MEDIUM
3.83,65.0,22.8,64.0,44.8,12,5.3,4.19,HIGH
3.1,89.4,4.8,77.4,77.3,5,10.0,4.34,LOW
3.65,81.0,16.1,69.4,67.0,8,10.0,4.38,LOW
2.59,72.1,18.3,43.1,57.3,13,6.2,3.41,MEDIUM
3.31,100.0,6.6,50.4,67.4,2,8.3,4.14,LOW
1.0,69.0,14.6,31.0,22.7,7,5.0,2.28,HIGH
3.45,46.1,9.8,55.5,63.3,10,4.4,3.8,HIGH
4.55,66.7,11.3,80.3,72.4,7,3.7,4.64,MEDIUM
2.8,100.0,9.6,37.9,73.8,3,10.0,3.94,LOW
3.2,72.9,10.7,66.6,36.1,7,4.7,3.31,HIGH
2.49,69.8,18.9,37.0,41.4,12,7.8,3.72,HIGH
1.95,78.4,11.5,43.7,41.5,3,3.3,2.69,HIGH
3.81,94.2,8.4,58.3,89.3,11,10.0,4.83,LOW
2.6,76.7,12.4,66.2,62.9,13,10.0,3.58,MEDIUM
3.86,87.5,0.0,51.8,52.4,2,5.6,3.94,MEDIUM
2.98,75.0,7.1,56.8,58.3,4,8.1,3.18,MEDIUM
1.24,87.6,19.5,39.2,44.0,11,8.3,3.05,HIGH
1.77,80.9,11.1,45.2,69.6,10,8.4,3.21,LOW
3.27,71.6,9.1,51.6,59.7,7,8.4,4.0,MEDIUM
3.25,82.1,13.0,46.3,49.2,9,6.6,3.52,HIGH
2.27,69.3,16.4,56.9,53.7,14,6.8,3.62,MEDIUM
3.07,55.9,20.0,59.8,60.4,15,2.0,3.71,HIGH
2.01,77.7,9.3,34.5,51.7,3,7.9,2.71,MEDIUM
1.88,57.4,9.4,51.4,52.6,9,1.6,2.97,HIGH
3.23,87.6,10.7,57.8,67.1,10,10.0,4.15,LOW
0.25,77.4,18.2,12.1,27.8,11,4.8,2.34,HIGH
2.2,100.0,12.3,39.3,68.4,9,10.0,3.89,LOW
2.99,72.7,25.0,52.3,56.4,13,8.9,3.87,MEDIUM
4.49,77.7,11.0,74.5,66.2,3,10.0,4.51,LOW
2.79,54.5,22.6,60.1,60.8,18,9.0,3.89,HIGH
4.43,60.3,6.6,97.0,64.6,1,8.8,4.56,MEDIUM
2.13,51.1,3.7,33.0,34.4,8,5.1,2.54,HIGH
3.97,95.2,11.4,71.1,63.7,7,10.0,4.41,MEDIUM
2.83,70.6,18.8,55.8,42.6,15,7.6,3.86,HIGH
1.84,99.2,9.1,47.2,57.7,6,10.0,3.55,MEDIUM
2.17,35.1,8.3,57.5,49.0,8,2.3,2.78,HIGH
3.87,100.0,18.2,71.4,80.6,12,10.0,5.0,LOW
3.68,76.9,16.2,63.9,75.7,8,6.1,4.46,LOW
4.07,83.4,7.2,81.9,72.5,6,6.2,4.25,LOW
2.72,61.0,6.9,39.3,67.6,5,6.9,3.29,MEDIUM
2.4,86.4,17.0,29.6,45.9,12,5.1,3.48,HIGH
3.3,72.0,2.2,90.4,62.2,3,7.4,4.13,MEDIUM
1.39,58.9,18.5,27.8,29.0,12,9.2,2.84,HIGH
2.79,58.7,16.2,52.8,73.9,6,6.7,3.48,HIGH
2.7,58.4,0.0,60.9,54.5,0,5.9,3.44,HIGH
2.88,84.1,12.1,61.7,65.5,8,6.7,4.24,LOW
3.39,67.8,0.1,74.8,58.5,2,3.8,3.33,MEDIUM
1.77,51.8,4.8,51.0,53.0,1,6.9,2.61,HIGH
4.62,83.9,9.0,69.8,91.9,8,8.4,5.0,LOW
4.08,43.2,4.4,88.9,55.7,6,5.6,3.68,HIGH
3.29,99.3,25.3,69.4,64.1,15,5.5,4.68,MEDIUM
1.13,100.0,17.2,35.7,35.2,10,10.0,3.11,HIGH
4.03,57.0,20.2,79.7,70.8,8,9.7,4.8,HIGH
2.12,94.8,11.2,24.5,64.3,3,10.0,3.46,MEDIUM
4.76,83.6,12.2,84.3,70.1,9,9.0,4.52,LOW
2.37,70.0,21.5,40.9,45.9,10,4.9,3.44,HIGH
1.99,70.7,14.6,33.8,35.7,7,7.3,3.11,HIGH
2.74,88.5,15.7,51.3,68.8,10,9.2,4.0,LOW
2.13,77.4,6.5,55.2,35.5,11,6.7,3.09,HIGH
3.36,36.5,6.5,68.2,43.0,4,2.8,3.07,HIGH
2.8,100.0,13.6,61.4,62.4,14,10.0,4.11,MEDIUM
3.08,84.9,14.2,56.7,59.4,8,6.6,4.37,MEDIUM
2.93,77.2,6.0,62.7,71.5,6,6.9,3.61,LOW
3.44,66.5,14.2,64.6,75.9,11,7.8,4.37,MEDIUM
2.8,75.0,4.7,66.5,56.7,7,10.0,3.86,MEDIUM
4.34,98.3,12.1,87.0,61.4,9,9.2,4.76,MEDIUM
2.5,82.2,3.4,54.1,38.6,2,4.6,2.8,HIGH
4.05,84.0,20.0,67.7,53.4,14,4.1,4.33,MEDIUM
4.54,58.0,10.1,85.9,79.9,8,10.0,4.85,HIGH
1.89,72.4,7.8,45.8,36.6,4,3.4,2.7,HIGH
1.24,78.8,5.1,34.9,33.3,8,8.0,2.88,HIGH
4.35,89.1,4.5,75.5,81.0,5,5.9,4.43,LOW
2.64,71.3,14.6,48.1,77.8,7,5.6,3.56,MEDIUM
3.05,92.8,18.0,64.0,67.7,8,8.0,4.42,LOW
2.05,59.7,17.4,37.2,47.6,16,2.1,2.6,HIGH
2.29,79.1,20.4,46.8,31.3,10,10.0,3.28,HIGH
4.58,76.4,22.5,89.5,82.4,15,8.5,5.0,LOW
4.22,53.8,17.7,82.6,87.6,12,4.5,4.6,HIGH
3.04,77.2,9.0,49.0,65.2,8,6.6,3.57,LOW
2.67,68.7,13.0,58.0,42.8,14,9.0,3.18,HIGH
3.62,100.0,0.0,89.7,64.2,4,10.0,4.68,MEDIUM
2.29,71.4,15.8,56.1,50.9,12,10.0,3.86,MEDIUM
3.36,83.6,12.9,62.6,60.1,7,7.5,3.69,MEDIUM
1.88,58.3,21.6,56.3,36.9,10,6.7,3.23,HIGH
1.65,81.8,7.5,61.7,15.3,13,5.7,2.74,HIGH
3.21,71.4,15.1,71.7,53.7,9,6.3,4.0,MEDIUM
3.05,65.6,6.0,43.4,63.7,4,8.6,3.5,MEDIUM
2.9,100.0,11.3,64.7,69.1,8,10.0,3.95,LOW
2.31,72.3,2.2,63.1,51.2,3,10.0,3.43,MEDIUM
3.62,74.6,20.1,48.7,81.4,16,8.4,4.34,MEDIUM
2.58,92.4,18.3,63.0,53.2,12,10.0,3.52,MEDIUM
0.94,65.7,9.2,27.1,20.6,2,7.8,2.07,HIGH
2.65,84.5,13.6,67.9,49.4,6,7.6,3.4,HIGH
2.18,86.2,12.2,46.9,54.5,8,5.6,3.56,MEDIUM
3.72,81.9,8.3,74.3,66.9,9,7.7,4.22,LOW
4.43,100.0,12.7,85.0,72.3,3,7.7,4.89,LOW
4.63,65.1,9.3,91.6,64.2,8,8.6,4.72,MEDIUM
2.93,100.0,17.9,63.4,48.2,13,10.0,4.21,HIGH
2.09,85.6,10.7,37.3,42.5,10,6.5,2.98,HIGH
3.0,92.6,26.3,57.4,53.1,14,10.0,4.55,MEDIUM
3.3,83.5,11.5,64.4,52.4,10,6.0,3.86,MEDIUM
3.52,100.0,12.7,80.1,86.0,5,10.0,4.57,LOW
3.97,72.9,15.2,79.4,80.8,12,7.0,4.72,MEDIUM
2.35,86.0,17.0,43.7,77.2,10,9.5,3.9,LOW
3.77,98.9,12.5,62.4,51.5,8,10.0,4.32,MEDIUM
1.96,69.1,15.0,51.0,49.3,9,8.1,3.26,HIGH
2.76,94.0,13.1,51.7,51.5,10,9.1,3.83,MEDIUM
3.03,77.7,7.3,68.0,60.7,2,9.5,4.1,MEDIUM
2.63,58.2,5.7,53.9,77.0,7,3.9,3.18,HIGH
2.86,54.8,16.2,72.5,37.2,12,1.6,2.87,HIGH
2.4,76.5,21.1,43.7,44.8,11,9.9,3.57,HIGH
2.41,93.9,2.2,65.6,42.8,3,6.8,3.48,HIGH
3.86,44.7,3.4,82.7,65.2,1,6.3,3.43,HIGH
1.4,81.2,3.3,31.6,12.3,0,8.4,2.24,HIGH
4.36,92.3,16.7,71.6,94.4,10,9.2,4.87,LOW
4.33,57.6,17.2,99.2,94.5,11,3.9,5.0,HIGH
4.08,67.9,6.1,67.2,82.1,4,5.9,4.19,MEDIUM
0.79,87.2,25.2,29.9,13.0,10,8.7,2.43,HIGH
2.12,91.6,9.7,50.3,51.1,8,9.6,3.15,MEDIUM
4.0,100.0,20.6,75.1,84.4,11,8.2,5.0,LOW
3.83,68.6,16.9,80.3,76.3,8,8.3,5.0,MEDIUM
3.76,65.0,6.3,62.1,70.1,8,8.1,3.78,MEDIUM
2.48,100.0,9.5,71.5,69.7,3,10.0,3.83,LOW
2.87,65.9,6.8,49.8,49.7,7,5.7,3.24,HIGH
2.95,86.1,3.9,57.8,57.3,0,10.0,3.56,MEDIUM
1.76,100.0,10.5,27.1,50.2,2,10.0,3.07,MEDIUM
3.06,90.0,4.8,71.4,64.7,5,5.1,3.89,MEDIUM
2.89,90.5,11.0,77.2,65.1,6,9.5,4.54,LOW
2.27,98.4,23.6,69.1,56.2,10,10.0,4.44,MEDIUM
4.47,86.4,16.2,93.3,86.8,12,10.0,5.0,LOW
2.77,90.6,8.7,52.9,52.5,7,10.0,3.86,MEDIUM
2.42,72.5,8.2,51.4,43.6,0,5.8,2.64,HIGH
3.37,96.6,9.6,62.3,66.8,9,9.9,4.32,LOW
2.37,84.6,24.4,38.3,69.2,11,8.1,3.82,LOW
3.71,54.4,5.5,67.7,69.6,0,5.4,3.87,HIGH
3.71,81.9,12.0,79.8,77.2,5,7.2,4.57,LOW
4.1,43.3,14.8,67.8,76.7,9,1.9,4.03,HIGH
3.31,89.4,19.3,41.9,88.8,11,9.1,4.54,LOW
4.75,74.3,10.0,73.7,82.9,2,5.9,4.52,MEDIUM
4.71,100.0,6.2,93.8,91.1,0,10.0,5.0,LOW
3.21,85.8,13.7,45.9,54.3,6,8.5,3.89,MEDIUM
4.62,92.8,19.9,79.6,69.3,9,5.4,4.89,LOW
3.15,61.2,10.4,58.5,62.1,9,8.9,3.76,MEDIUM
1.97,89.0,7.0,47.1,59.8,4,9.8,3.53,MEDIUM
1.54,67.7,12.7,40.5,47.2,10,5.9,3.01,HIGH
3.82,95.4,2.3,76.3,46.4,6,8.9,4.03,HIGH
3.62,60.1,10.7,67.8,77.5,9,3.6,3.79,MEDIUM
4.2,79.8,19.1,68.5,58.4,2,7.9,4.29,MEDIUM
3.83,59.5,17.2,81.5,81.8,9,7.3,4.42,HIGH
1.55,80.0,11.1,20.6,46.2,7,10.0,2.85,HIGH
2.08,100.0,22.0,54.0,45.3,12,9.8,4.06,HIGH
3.51,89.5,23.5,79.1,75.8,7,9.1,4.67,LOW
4.83,77.5,16.0,100.0,82.4,7,10.0,5.0,LOW
4.83,38.6,3.2,79.9,87.4,0,1.5,4.01,HIGH
3.59,69.4,0.7,63.2,50.9,0,7.2,3.5,MEDIUM
2.52,85.6,20.3,53.3,50.2,11,7.0,3.79,MEDIUM
1.91,69.8,13.5,43.5,55.9,6,7.2,3.36,MEDIUM
2.41,100.0,21.8,59.6,35.8,10,10.0,3.91,HIGH
1.86,79.1,4.0,48.1,53.8,3,4.6,2.36,MEDIUM
4.62,95.3,11.0,80.7,58.4,6,10.0,4.75,MEDIUM
2.16,81.3,18.2,46.4,34.0,11,8.8,3.64,HIGH
2.41,73.6,7.6,60.5,48.0,4,7.6,3.51,HIGH
4.49,70.5,18.1,69.7,82.7,6,9.7,4.97,MEDIUM
0.98,61.8,11.3,27.4,24.9,4,4.6,2.24,HIGH
3.7,95.5,12.2,76.1,62.6,7,6.9,4.55,MEDIUM
2.33,71.2,4.9,39.3,63.9,3,5.1,3.26,MEDIUM
3.24,86.4,13.5,28.1,77.6,4,9.7,3.7,LOW
4.38,69.6,25.2,95.2,74.3,16,6.0,5.0,MEDIUM
1.91,60.7,14.3,43.5,40.1,10,4.3,2.83,HIGH
2.12,86.9,7.2,34.3,44.3,3,6.7,2.96,HIGH
1.31,66.1,20.4,43.8,62.9,11,7.0,3.05,MEDIUM
3.84,71.6,7.4,70.6,72.0,2,7.1,4.12,MEDIUM
2.11,58.0,22.3,36.3,66.4,15,3.0,2.93,HIGH
4.59,70.1,4.4,87.5,91.0,10,4.2,4.77,MEDIUM
2.4,78.4,13.6,51.5,50.3,6,6.8,3.24,MEDIUM
3.59,73.4,21.2,62.7,60.4,16,9.2,3.94,MEDIUM
1.31,91.1,6.8,26.9,45.6,2,8.3,2.68,HIGH
3.09,80.3,12.5,51.1,51.8,6,5.1,3.87,MEDIUM
3.72,100.0,18.9,78.2,65.4,15,9.8,4.49,LOW
2.62,84.8,0.0,41.7,62.5,1,8.6,3.24,MEDIUM
2.35,50.2,17.6,42.3,48.0,12,2.1,2.61,HIGH
2.75,74.6,11.5,57.2,51.7,6,5.0,3.47,MEDIUM
1.81,76.0,20.7,56.8,39.7,6,9.1,3.48,HIGH
3.31,68.2,7.0,66.0,56.1,12,4.4,3.51,MEDIUM
3.11,79.2,3.7,67.6,67.0,3,9.5,3.78,LOW
0.41,67.7,8.7,22.2,24.2,6,3.7,1.72,HIGH
3.51,83.3,8.6,76.8,50.9,4,5.3,4.13,MEDIUM
3.19,47.5,10.8,82.2,56.8,9,4.8,3.36,HIGH
3.56,96.3,9.2,64.1,63.5,8,8.1,4.15,MEDIUM
2.52,52.7,0.0,52.9,48.7,0,4.2,3.0,HIGH
3.65,73.8,11.4,71.4,76.2,8,7.7,4.15,MEDIUM
1.22,66.3,13.4,38.6,26.7,11,5.5,2.37,HIGH
4.35,82.9,10.8,81.6,100.0,11,6.4,5.0,LOW
3.42,75.1,13.7,60.9,82.5,10,8.5,4.78,LOW
2.58,82.0,12.5,53.6,70.6,10,8.6,3.62,LOW
2.36,95.8,3.7,74.7,38.6,2,9.7,3.64,HIGH
3.29,90.3,10.2,67.5,39.7,3,9.0,3.58,HIGH
3.76,78.6,12.7,52.3,66.6,7,6.3,3.83,LOW
2.07,85.4,10.6,42.1,50.5,3,6.5,3.02,MEDIUM
4.33,100.0,3.0,80.0,76.6,1,9.3,4.78,LOW
3.08,90.9,19.3,59.8,54.7,9,7.5,3.95,MEDIUM
2.78,73.3,6.2,56.1,36.1,2,7.3,3.17,HIGH
1.09,98.4,4.5,34.3,25.3,5,9.1,2.4,HIGH
4.42,84.3,12.2,86.4,77.0,5,8.5,4.85,LOW
2.97,62.6,10.1,62.2,53.7,12,6.1,3.3,MEDIUM
3.08,75.1,15.6,70.7,55.1,12,10.0,3.84,MEDIUM
2.74,54.4,17.2,41.1,46.8,14,2.7,3.03,HIGH
1.08,41.4,16.3,28.7,53.0,8,3.8,2.44,HIGH
3.98,62.8,12.0,79.0,82.2,8,4.1,4.36,MEDIUM
3.14,80.0,15.3,64.6,73.4,6,7.0,3.95,LOW
2.11,80.0,2.6,40.1,50.8,3,6.4,2.68,MEDIUM
3.02,55.4,18.6,55.0,44.3,5,6.8,3.62,HIGH
2.27,39.9,9.6,40.7,58.7,9,1.0,2.95,HIGH
3.04,100.0,23.8,70.3,76.7,11,10.0,4.83,LOW
3.66,79.5,18.7,51.3,87.1,12,9.0,4.62,LOW
2.22,100.0,10.8,35.5,56.6,8,10.0,3.12,MEDIUM
2.93,100.0,12.1,63.1,59.0,6,10.0,4.21,MEDIUM
4.38,89.8,19.1,86.1,79.3,9,7.4,5.0,LOW
2.24,78.9,0.0,32.7,55.6,1,10.0,3.2,MEDIUM
1.93,71.6,11.0,50.3,25.4,9,6.5,3.02,HIGH
2.56,89.5,22.2,55.2,61.5,12,9.6,3.76,MEDIUM
1.14,75.4,17.1,37.3,28.2,12,10.0,2.65,HIGH
4.51,68.6,7.0,83.4,100.0,7,5.3,4.73,MEDIUM
1.72,44.4,13.9,45.1,38.5,8,4.6,2.4,HIGH
4.67,76.7,6.1,89.7,85.8,4,3.8,4.43,LOW
1.38,95.5,10.0,40.4,39.0,7,10.0,3.1,HIGH
3.04,98.1,14.0,63.0,52.2,12,10.0,4.36,MEDIUM
3.25,78.9,15.1,62.8,68.9,8,9.0,3.88,LOW
3.35,63.8,16.4,64.5,69.0,13,9.1,4.38,MEDIUM
3.7,92.4,19.4,72.7,82.0,12,10.0,4.94,LOW
2.85,77.8,4.8,66.0,66.5,2,6.4,3.94,LOW
2.56,72.1,12.1,73.0,56.0,7,7.9,3.84,MEDIUM
3.69,54.7,6.9,75.6,59.8,2,6.5,3.76,HIGH
3.56,100.0,9.6,72.1,58.3,2,7.7,4.22,MEDIUM
2.75,89.8,7.5,68.4,76.4,7,10.0,4.12,LOW
4.15,91.5,15.0,81.1,77.1,11,8.1,5.0,LOW
2.93,64.2,18.3,48.3,83.9,11,6.0,4.05,MEDIUM
2.89,79.3,18.6,51.0,48.6,11,7.4,3.66,HIGH
3.79,76.7,5.4,90.1,97.4,2,7.7,4.72,LOW
3.98,90.5,11.3,67.6,62.5,8,10.0,4.56,MEDIUM
2.22,99.8,5.2,54.0,43.8,10,8.8,3.36,HIGH
2.07,55.1,5.0,36.2,52.3,7,2.4,2.4,HIGH
3.79,60.8,8.0,84.7,83.1,5,6.4,4.51,MEDIUM
3.99,88.3,14.1,70.3,82.0,8,7.1,4.6,LOW
3.93,69.9,15.1,74.7,50.0,8,6.2,4.03,MEDIUM
1.84,91.0,15.9,40.4,37.0,5,10.0,3.31,HIGH
3.09,72.0,15.6,66.5,47.6,8,5.0,3.57,HIGH
1.09,58.0,6.9,33.1,16.7,7,5.1,1.99,HIGH
1.66,49.9,19.1,48.9,41.0,8,5.6,2.71,HIGH
4.04,85.7,16.8,82.2,49.3,9,7.0,3.92,HIGH
4.61,86.1,9.5,87.0,94.6,3,8.5,5.0,LOW
3.65,93.5,9.8,76.3,78.0,9,9.9,4.69,LOW
2.97,83.2,8.1,66.6,79.0,2,8.1,4.07,LOW
2.25,17.9,4.2,44.8,36.7,5,2.1,1.68,HIGH
1.16,86.1,16.0,27.7,22.7,13,9.3,2.43,HIGH
4.69,54.7,16.9,100.0,96.3,9,4.1,5.0,HIGH
3.97,48.1,6.4,81.6,87.1,3,1.9,4.0,HIGH
2.01,46.2,4.6,49.1,62.3,5,2.5,2.29,HIGH
3.29,44.7,6.4,56.4,77.9,9,2.1,3.46,HIGH
1.38,82.5,12.7,17.9,40.0,12,10.0,2.49,HIGH
3.06,66.3,3.7,58.0,55.3,3,3.2,3.11,MEDIUM
3.82,53.7,18.8,67.8,80.3,8,6.6,4.33,HIGH
2.8,78.4,18.4,53.9,51.9,10,6.5,3.75,MEDIUM
3.22,60.3,14.5,71.9,64.4,4,8.1,4.1,MEDIUM
1.93,93.7,16.9,59.3,40.5,8,8.5,3.58,HIGH
4.43,100.0,12.4,92.5,83.2,9,10.0,5.0,LOW
4.05,74.5,14.8,69.6,89.6,8,8.5,4.61,MEDIUM
2.79,100.0,4.2,62.2,52.9,2,10.0,3.58,MEDIUM
2.63,100.0,20.3,49.6,48.8,12,8.9,3.95,HIGH
4.34,79.4,9.1,61.6,77.4,5,6.7,4.59,LOW
3.43,100.0,11.2,65.7,51.9,9,10.0,4.41,MEDIUM
2.86,68.1,26.9,70.5,66.0,11,3.6,3.99,MEDIUM
1.38,46.7,10.7,32.4,38.7,8,1.2,2.11,HIGH
2.56,53.1,16.4,61.7,53.4,10,6.0,3.23,HIGH
4.25,67.3,15.1,72.1,81.5,10,8.1,4.86,MEDIUM
0.81,86.5,4.0,34.0,11.6,0,9.3,2.4,HIGH
0.96,59.5,6.0,27.0,48.3,7,5.8,2.32,HIGH
2.39,67.2,24.2,66.1,45.2,15,5.6,3.32,HIGH
2.54,58.0,15.5,49.9,49.0,14,9.0,3.57,HIGH
4.27,67.6,11.9,73.6,88.1,5,10.0,5.0,MEDIUM
2.44,99.5,8.8,66.4,59.6,4,10.0,3.64,MEDIUM
3.4,83.7,13.9,60.3,89.7,3,7.0,4.48,LOW
3.53,68.8,14.5,70.1,55.8,6,4.9,3.83,MEDIUM
3.51,97.5,13.4,61.9,55.8,12,10.0,4.59,MEDIUM
3.96,78.4,18.4,83.6,59.0,12,5.4,4.25,MEDIUM
3.57,80.1,6.8,81.5,69.6,3,5.6,4.02,LOW
1.3,96.3,6.0,27.8,33.0,5,8.7,2.32,HIGH
2.67,72.5,18.3,60.5,47.0,10,8.3,3.74,HIGH
4.37,92.7,24.7,87.0,78.4,8,10.0,5.0,LOW
4.08,91.5,17.1,77.5,62.7,5,9.7,4.74,MEDIUM
2.83,75.7,19.8,72.8,76.2,15,8.6,4.25,LOW
4.15,55.7,11.6,92.4,67.7,9,7.5,4.32,HIGH
2.35,78.2,13.6,41.8,44.1,4,9.6,3.2,HIGH
3.3,96.2,13.5,76.6,35.5,8,8.5,4.22,HIGH
2.49,91.1,11.7,57.4,33.1,5,10.0,3.17,HIGH
4.22,100.0,20.5,80.8,70.1,15,10.0,5.0,LOW
2.89,70.2,18.7,56.0,54.8,12,7.6,3.5,MEDIUM
3.38,90.5,9.6,50.9,74.0,3,9.3,4.01,LOW
1.37,61.9,2.1,38.4,19.3,3,7.4,2.1,HIGH
4.12,81.2,11.6,79.8,81.1,7,9.1,5.0,LOW
2.43,95.7,5.1,71.4,59.6,4,5.8,3.5,MEDIUM
2.73,92.5,12.1,49.2,64.3,6,10.0,4.08,MEDIUM
3.59,79.6,5.5,52.8,80.7,4,10.0,3.78,LOW
4.37,73.7,19.5,68.7,65.2,9,9.3,4.64,MEDIUM
3.01,62.1,16.1,76.1,66.7,6,7.0,3.94,MEDIUM
2.47,74.4,16.0,47.6,73.8,6,7.7,3.84,MEDIUM
3.05,57.0,18.4,74.4,77.5,8,4.9,3.89,HIGH
3.79,72.5,14.3,71.9,93.7,10,7.0,4.46,MEDIUM
3.9,49.1,15.3,63.8,75.5,10,6.4,3.7,HIGH
3.81,56.9,20.6,92.2,64.3,16,6.5,4.57,HIGH
2.37,91.6,11.2,63.7,20.8,6,10.0,3.22,HIGH
4.15,89.9,15.6,75.5,61.2,11,7.9,4.84,MEDIUM
3.77,73.4,5.7,81.5,64.4,4,9.5,4.3,MEDIUM
3.54,79.0,12.5,69.3,63.4,9,6.7,4.37,MEDIUM
3.48,81.2,25.6,71.5,57.2,17,8.5,4.36,MEDIUM
3.54,85.4,16.9,85.7,71.6,12,7.4,4.66,LOW
3.61,83.7,11.5,54.0,70.9,8,8.2,4.21,LOW
3.31,56.6,13.6,61.1,64.8,6,9.7,3.76,HIGH
1.4,38.9,11.9,36.3,47.0,8,4.9,2.61,HIGH
1.28,61.7,13.4,37.6,30.3,12,6.6,2.67,HIGH
3.75,75.5,9.6,58.7,83.6,7,10.0,4.76,LOW
1.3,93.4,15.0,43.7,21.8,8,4.2,2.81,HIGH
2.6,81.7,15.2,42.5,50.8,12,7.9,3.93,MEDIUM
3.74,86.6,12.0,58.6,74.2,3,7.7,4.61,LOW
3.84,63.6,12.8,70.1,48.7,7,4.6,3.72,HIGH
3.34,76.9,14.0,84.1,58.8,6,4.6,3.75,MEDIUM
2.97,79.0,8.8,85.0,68.2,6,7.5,4.4,LOW
2.2,65.9,14.9,52.9,43.7,13,8.0,3.44,HIGH
4.88,60.9,16.7,85.8,64.4,12,5.8,4.8,MEDIUM
3.51,74.4,20.8,69.2,56.5,6,9.0,4.12,MEDIUM
4.63,88.6,13.9,87.8,66.7,7,9.0,5.0,LOW
0.57,63.5,8.7,38.1,31.9,1,8.7,2.34,HIGH
3.75,74.7,11.4,59.0,71.9,10,6.5,4.28,MEDIUM
0.93,99.7,5.1,40.8,12.2,2,6.2,2.14,HIGH
0.32,69.7,16.4,5.5,2.8,10,3.8,1.83,HIGH
3.38,78.1,0.0,60.8,56.6,2,6.8,3.58,MEDIUM
2.15,76.3,18.1,47.2,48.4,11,5.9,3.47,HIGH
3.85,75.0,18.9,76.9,63.9,2,6.3,4.46,MEDIUM
2.15,100.0,0.0,47.3,52.3,3,10.0,3.73,MEDIUM
1.99,82.9,19.7,46.7,49.7,10,5.3,3.43,HIGH
1.94,52.9,18.2,44.4,51.5,13,8.3,3.15,HIGH
2.88,100.0,10.3,43.0,41.4,7,8.4,3.96,HIGH
2.67,82.4,4.8,60.8,52.1,6,5.8,3.63,MEDIUM
3.96,72.0,7.0,82.4,86.3,3,6.9,4.49,MEDIUM
1.36,99.6,7.4,48.8,29.0,2,10.0,2.94,HIGH
2.39,65.5,19.9,69.3,41.7,14,5.1,3.11,HIGH
2.68,100.0,9.3,59.3,49.7,8,8.8,3.77,HIGH
4.02,79.5,17.4,89.4,68.1,11,6.9,4.42,LOW
3.61,94.1,11.3,69.4,70.0,8,10.0,3.95,LOW
4.25,100.0,12.3,64.3,70.6,9,9.1,4.61,LOW
1.99,80.9,2.6,54.5,21.6,0,9.0,2.44,HIGH
4.28,76.5,5.1,86.6,92.2,7,7.9,4.69,LOW
3.2,60.9,19.8,63.0,68.9,11,5.9,4.04,MEDIUM
2.5,76.1,11.1,51.8,54.7,7,6.6,3.5,MEDIUM
1.65,61.4,13.8,44.5,40.0,7,10.0,2.88,HIGH
4.51,75.0,22.8,79.3,77.3,6,10.0,4.74,LOW
2.09,100.0,11.2,50.8,37.7,9,8.2,3.36,HIGH
2.55,79.9,10.9,44.1,31.2,4,5.8,2.81,HIGH
2.46,69.1,19.2,43.9,72.0,11,7.0,3.97,MEDIUM
3.32,74.6,12.1,51.6,64.8,5,2.9,3.61,MEDIUM
1.78,71.4,13.9,64.1,23.6,7,7.2,2.71,HIGH
4.22,94.8,18.0,79.0,64.7,9,10.0,4.68,MEDIUM
2.72,76.6,12.0,67.9,59.8,5,6.5,3.69,MEDIUM
4.63,100.0,16.7,73.4,86.2,9,10.0,5.0,LOW
2.63,72.9,11.3,52.6,45.8,6,10.0,3.4,HIGH
3.73,74.0,17.9,76.5,57.3,7,5.7,4.39,MEDIUM
1.52,63.7,14.5,52.6,32.5,12,6.7,2.63,HIGH
4.23,71.9,10.6,72.4,54.1,4,7.9,4.36,MEDIUM
4.67,50.3,12.4,81.0,77.7,9,6.5,4.5,HIGH
0.14,43.9,0.0,9.2,14.4,4,6.0,1.23,HIGH
2.99,88.0,19.2,58.6,78.2,14,10.0,4.32,LOW
2.71,50.1,4.5,45.4,50.5,2,3.4,2.92,HIGH
0.91,84.5,5.6,14.3,33.8,4,8.8,2.08,HIGH
2.6,70.0,9.4,56.6,73.6,6,10.0,4.07,MEDIUM
2.29,93.0,1.2,56.0,37.2,4,10.0,3.21,HIGH
2.23,50.4,14.8,37.1,41.7,8,5.5,2.71,HIGH
4.0,87.6,14.2,68.2,67.5,10,7.7,4.27,LOW
2.41,83.3,9.1,50.1,31.6,5,10.0,3.25,HIGH
4.5,83.8,7.9,99.5,77.8,9,9.5,4.98,LOW
2.23,96.0,7.8,20.1,63.2,5,10.0,3.06,MEDIUM
3.45,79.1,15.7,71.2,76.4,9,9.5,4.31,LOW
1.23,38.8,2.4,40.2,49.4,4,2.0,1.61,HIGH
2.52,85.2,9.5,45.7,45.7,11,10.0,3.27,HIGH
1.79,83.1,2.8,38.3,29.4,1,8.6,2.58,HIGH
3.05,74.1,16.6,64.1,87.8,13,9.7,4.49,MEDIUM
3.65,64.5,10.0,69.5,71.7,4,6.5,3.93,MEDIUM
2.52,72.2,15.3,69.8,33.9,9,8.4,3.58,HIGH
0.93,100.0,19.5,30.0,61.8,9,10.0,3.1,MEDIUM
2.5,63.3,19.6,61.1,51.9,10,5.2,3.58,MEDIUM
3.2,50.2,5.9,67.6,27.5,2,3.2,2.89,HIGH
1.59,54.5,13.9,45.7,57.6,11,7.1,2.93,HIGH
3.19,77.4,18.7,55.1,34.9,9,6.0,3.61,HIGH
1.26,100.0,16.2,35.9,39.1,11,9.3,3.01,HIGH
2.15,100.0,16.8,46.6,58.2,8,9.3,3.44,MEDIUM
3.04,88.4,1.3,53.5,68.8,2,9.6,3.54,LOW
2.38,62.3,16.1,59.9,70.0,14,7.6,3.45,MEDIUM
3.67,64.0,7.2,49.9,81.6,3,3.3,3.68,MEDIUM
0.48,92.0,16.0,35.7,47.0,7,7.8,2.88,HIGH
2.95,99.3,15.9,37.0,58.1,9,8.4,4.18,MEDIUM
2.59,67.7,15.5,52.3,49.3,9,6.3,3.31,HIGH
3.58,100.0,11.3,78.1,64.0,9,6.0,4.37,MEDIUM
3.52,74.3,19.9,55.9,83.8,12,9.7,4.88,MEDIUM
3.14,89.4,15.1,66.3,54.2,10,9.1,4.04,MEDIUM
3.81,96.3,13.9,75.3,81.5,5,9.4,4.63,LOW
0.38,54.3,6.4,23.9,13.0,6,6.9,1.54,HIGH
1.68,85.2,14.4,36.6,31.4,10,9.6,2.92,HIGH
2.0,100.0,23.9,40.3,60.2,15,10.0,3.79,MEDIUM
4.05,69.0,3.7,60.1,80.0,2,6.9,3.77,MEDIUM
3.33,61.1,16.4,63.9,38.7,10,6.3,3.93,HIGH
1.11,85.9,17.1,40.8,23.3,12,10.0,2.97,HIGH
2.89,80.1,22.4,53.8,27.6,10,9.1,3.97,HIGH
3.22,72.8,16.4,59.2,58.5,4,10.0,4.13,MEDIUM
2.27,78.0,12.1,64.9,46.5,4,8.1,3.41,HIGH
1.14,51.3,14.5,30.5,28.3,7,6.4,1.88,HIGH
2.15,84.5,10.4,50.8,62.6,10,8.2,3.36,MEDIUM
4.5,100.0,19.3,87.9,86.0,17,10.0,5.0,LOW
4.77,66.6,2.7,84.9,100.0,0,7.4,4.54,MEDIUM
2.73,64.7,9.1,62.7,62.6,6,5.6,3.11,MEDIUM
2.85,80.8,14.7,67.6,64.5,7,6.8,3.75,MEDIUM
3.22,100.0,19.0,72.4,66.4,12,10.0,4.57,LOW
2.87,95.6,11.9,68.3,55.0,8,10.0,4.38,MEDIUM
1.83,76.5,7.3,21.6,35.8,3,10.0,2.51,HIGH
1.35,78.6,10.7,23.6,34.1,5,7.9,2.64,HIGH
4.11,97.2,9.8,71.5,73.3,6,7.7,4.4,LOW
1.22,63.4,10.1,25.3,33.9,10,6.4,2.28,HIGH
4.63,87.8,9.4,77.3,90.5,4,10.0,5.0,LOW
0.77,60.1,9.4,35.4,32.3,2,1.8,2.22,HIGH
4.54,92.8,1.7,84.1,75.3,6,9.3,4.22,LOW
2.28,73.3,13.8,47.8,41.1,10,8.7,3.11,HIGH
0.71,81.2,16.0,23.4,30.6,6,8.6,2.47,HIGH
3.97,72.3,21.0,70.6,62.5,13,6.5,4.53,MEDIUM
3.16,89.2,17.2,59.9,57.1,13,6.5,3.84,MEDIUM
3.12,75.2,16.9,75.7,55.4,10,7.5,4.05,MEDIUM
2.97,100.0,13.8,41.8,88.6,12,7.6,4.28,LOW
2.73,100.0,1.4,68.7,41.0,4,10.0,3.92,HIGH
1.92,57.1,13.7,66.7,35.4,9,5.8,3.02,HIGH
2.57,81.1,12.7,66.1,47.2,8,10.0,3.68,HIGH
2.99,89.8,18.2,49.9,54.4,11,5.1,3.68,MEDIUM
1.11,70.7,15.4,26.7,45.5,12,6.4,2.77,HIGH
3.64,97.4,11.2,80.0,65.9,7,10.0,4.52,LOW
2.15,95.5,23.7,44.7,32.1,16,10.0,3.54,HIGH
0.62,76.7,17.1,19.2,43.8,11,9.2,2.38,HIGH
2.72,93.7,14.0,54.8,59.3,9,7.5,3.8,MEDIUM
2.9,39.4,14.7,47.3,63.6,8,3.0,3.32,HIGH
1.86,99.7,12.4,41.5,51.8,7,5.5,3.15,MEDIUM
1.77,92.2,12.1,29.5,28.0,9,9.3,2.93,HIGH
1.23,60.6,0.0,40.7,35.1,5,8.4,2.16,HIGH
2.31,82.0,6.5,41.3,60.2,6,8.2,3.35,MEDIUM
1.37,45.6,8.8,36.1,29.5,4,5.7,2.13,HIGH
2.07,65.8,14.7,41.6,50.6,4,7.7,2.91,MEDIUM
1.86,95.5,2.1,46.7,50.6,5,8.9,3.32,MEDIUM
1.26,77.8,8.9,42.1,18.1,14,2.9,2.07,HIGH
4.27,76.9,8.1,81.9,65.4,5,10.0,4.73,LOW
2.28,78.7,12.7,42.1,22.5,6,8.7,3.03,HIGH
4.49,76.9,14.7,76.7,83.6,11,5.2,4.89,LOW
2.19,93.8,8.1,71.5,71.3,3,10.0,3.55,LOW
3.86,68.1,8.6,82.3,63.7,10,7.2,4.22,MEDIUM
3.99,84.7,7.9,72.8,71.5,7,10.0,4.8,LOW
4.28,59.7,9.7,73.4,90.0,6,6.9,4.44,HIGH
3.32,89.9,11.7,50.5,67.7,5,9.9,4.11,LOW
2.4,72.9,19.9,62.3,39.9,14,7.7,3.36,HIGH
3.43,77.3,5.9,59.4,84.4,3,6.2,3.7,LOW
3.64,72.2,22.5,80.2,71.4,15,8.6,4.72,MEDIUM
2.2,74.2,4.6,56.3,46.0,5,7.4,2.95,HIGH
2.74,61.9,17.7,69.7,54.6,14,4.3,3.56,MEDIUM
1.85,83.3,9.1,50.4,51.0,7,7.0,3.18,MEDIUM
4.2,86.9,6.5,75.9,69.5,14,6.4,4.67,LOW
0.74,56.7,19.9,26.2,47.2,13,7.8,2.66,HIGH
2.88,68.5,12.5,58.5,73.5,8,10.0,3.95,MEDIUM
1.71,78.5,12.3,37.9,42.0,6,10.0,3.18,HIGH
3.16,68.4,10.3,46.2,63.0,9,7.6,3.87,MEDIUM
2.43,74.4,8.5,30.0,41.9,5,7.3,2.91,HIGH
2.26,100.0,10.9,56.4,42.0,5,9.4,3.86,HIGH
2.43,61.7,0.0,49.7,38.4,0,4.2,2.38,HIGH
2.48,41.0,0.9,61.8,50.2,1,8.0,2.54,HIGH
3.5,68.4,14.4,63.8,67.8,15,4.8,4.34,MEDIUM
3.22,72.7,19.1,63.3,44.0,12,5.6,3.66,HIGH
4.17,70.2,20.2,86.8,84.6,10,6.6,4.33,MEDIUM
2.09,82.3,6.3,62.0,36.9,8,8.0,3.12,HIGH
3.07,61.6,13.2,57.8,65.9,9,7.4,3.99,MEDIUM
3.5,59.2,0.0,57.5,76.7,5,4.6,3.51,HIGH
2.17,67.2,9.9,59.6,64.0,12,2.7,2.93,MEDIUM
4.53,67.5,16.9,80.0,94.5,5,6.3,4.8,MEDIUM
3.08,100.0,11.9,56.3,80.9,0,9.7,4.2,LOW
4.02,100.0,10.0,71.2,84.0,12,9.5,4.82,LOW
2.76,51.3,11.9,49.2,58.7,5,4.6,3.03,HIGH
0.62,47.1,19.7,32.0,21.0,6,4.0,1.77,HIGH
4.14,76.6,10.5,63.7,74.5,5,5.0,4.38,LOW
2.63,100.0,12.4,55.5,74.4,5,10.0,3.98,LOW
4.34,88.7,21.1,82.6,76.4,10,10.0,5.0,LOW
2.81,77.5,10.6,51.2,57.3,9,10.0,3.74,MEDIUM
4.06,70.7,2.2,91.7,92.5,2,4.7,4.29,MEDIUM
4.87,95.2,20.2,97.0,83.3,7,10.0,5.0,LOW
2.65,80.8,18.1,50.1,45.5,11,7.2,3.61,HIGH
2.73,100.0,0.0,54.9,69.9,0,9.0,3.38,LOW
3.43,51.0,11.2,75.3,56.0,6,3.2,3.98,HIGH
2.92,84.8,11.9,59.6,63.8,7,10.0,3.86,MEDIUM
1.82,69.0,20.2,56.2,46.2,14,6.4,3.23,HIGH
3.2,84.6,11.9,68.6,66.6,6,6.6,4.19,LOW
2.97,82.0,13.0,62.0,30.5,10,8.5,3.56,HIGH
3.29,86.2,13.2,66.8,73.4,3,10.0,4.19,LOW
4.38,93.6,9.2,100.0,78.6,9,9.1,4.83,LOW
2.88,100.0,19.8,48.0,65.7,15,10.0,4.32,LOW
1.84,100.0,7.2,31.7,49.8,4,10.0,3.06,HIGH
4.93,78.3,9.1,86.5,90.7,4,5.9,5.0,LOW
0.94,69.3,12.0,43.2,26.4,4,7.3,2.32,HIGH
3.79,58.4,4.0,47.1,66.4,3,4.6,3.03,HIGH
2.26,85.0,22.6,29.9,49.0,16,6.9,3.69,HIGH
4.14,91.4,12.0,73.1,78.0,6,10.0,4.56,LOW
4.14,56.4,16.9,98.4,70.9,13,5.5,4.62,HIGH
2.01,96.3,6.3,45.3,57.4,1,7.5,3.53,MEDIUM
3.61,76.4,16.3,57.6,64.6,9,7.4,4.07,MEDIUM
1.95,57.9,16.8,52.4,33.5,10,3.4,2.77,HIGH
1.38,64.4,17.6,52.4,44.5,11,6.0,3.13,HIGH
1.16,62.9,23.4,26.0,56.8,12,4.9,3.11,MEDIUM
3.34,63.2,8.7,69.6,50.7,10,7.3,3.69,MEDIUM
3.88,87.1,10.9,74.8,70.8,11,10.0,5.0,LOW
3.59,91.8,6.9,74.6,81.1,4,8.8,4.1,LOW
2.21,100.0,11.4,43.5,55.7,6,8.7,3.36,MEDIUM
1.61,66.8,16.0,45.4,48.0,8,6.9,2.88,HIGH
1.49,83.5,15.7,45.8,39.2,12,10.0,3.39,HIGH
3.47,67.6,21.8,74.2,34.7,10,7.8,3.99,HIGH
4.69,78.3,14.9,69.1,86.7,5,7.6,4.7,LOW
4.27,54.3,12.0,64.6,82.2,4,1.3,3.8,HIGH
4.07,60.0,5.4,69.2,88.5,6,5.9,3.92,MEDIUM
3.2,90.8,17.2,65.7,53.8,6,10.0,4.27,MEDIUM
4.81,54.3,11.1,92.7,100.0,6,7.3,4.88,HIGH
1.26,87.8,17.3,23.3,31.9,10,10.0,3.03,HIGH
3.45,67.2,9.5,70.1,60.6,1,5.4,3.44,MEDIUM
4.11,47.2,19.2,86.1,66.9,12,3.9,4.38,HIGH
1.37,37.4,14.3,42.2,49.7,8,3.5,2.41,HIGH
2.9,100.0,18.0,53.9,45.4,5,10.0,3.81,HIGH
2.84,47.5,14.3,53.9,65.4,9,4.2,3.28,HIGH
2.35,77.0,6.4,37.2,41.2,6,8.7,3.05,HIGH
1.34,83.7,9.8,52.5,36.2,7,7.6,2.86,HIGH
4.57,57.0,4.3,88.3,63.7,5,4.3,3.97,HIGH
2.1,69.1,13.1,30.3,56.8,9,9.1,3.28,MEDIUM
2.09,85.7,3.2,58.6,45.4,5,9.2,3.47,HIGH
2.32,82.7,13.8,56.5,57.2,6,9.8,3.6,MEDIUM
2.73,70.6,0.0,67.9,54.1,0,6.7,3.37,MEDIUM
3.53,81.8,16.9,62.4,73.8,6,9.8,4.35,LOW
3.89,76.4,5.4,69.2,72.0,2,5.5,4.52,LOW
4.05,62.5,6.3,67.6,83.6,11,4.4,4.19,MEDIUM
4.75,97.2,20.2,100.0,90.9,9,10.0,5.0,LOW
3.46,81.3,13.9,61.8,68.7,7,8.0,4.4,LOW
4.58,48.5,17.1,74.1,71.3,9,4.4,4.21,HIGH
2.53,86.3,6.0,46.5,48.2,3,6.8,3.37,HIGH
2.96,68.2,17.8,56.2,50.2,16,8.4,3.99,MEDIUM
2.86,73.4,11.2,73.4,75.1,2,10.0,4.11,MEDIUM
3.82,78.1,12.7,75.1,80.9,14,9.0,4.82,LOW
2.05,65.3,20.9,58.1,47.1,12,5.6,3.21,HIGH
4.1,100.0,5.0,79.4,68.7,7,10.0,5.0,LOW
2.64,54.1,17.5,52.7,45.4,10,6.1,2.8,HIGH
2.94,78.9,14.3,48.7,60.6,11,7.0,3.6,MEDIUM
2.14,84.1,10.7,63.1,70.1,4,10.0,3.47,LOW
2.54,78.7,5.4,63.0,53.6,0,7.5,3.7,MEDIUM
2.56,74.9,10.7,64.2,68.3,15,4.6,3.7,MEDIUM
3.27,72.0,7.1,73.2,67.0,11,6.6,3.78,MEDIUM
1.04,65.1,19.1,23.5,39.3,8,7.6,2.41,HIGH
2.94,64.9,12.6,61.7,53.4,10,5.1,3.23,MEDIUM
3.68,96.5,7.9,81.1,67.2,9,5.9,4.53,LOW
2.42,70.9,3.4,60.7,41.9,5,10.0,3.35,HIGH
4.23,100.0,9.2,80.0,80.8,5,10.0,4.97,LOW
3.64,88.7,19.4,89.4,66.1,17,7.9,4.67,LOW
4.1,35.3,12.7,81.9,79.7,10,2.3,4.36,HIGH
1.84,92.1,10.9,55.8,31.9,4,6.5,3.2,HIGH
3.07,77.1,22.2,63.1,66.5,11,6.1,3.78,LOW
0.71,55.8,9.5,22.0,30.0,3,2.5,1.69,HIGH
2.13,98.9,7.2,56.7,49.5,5,7.3,3.17,HIGH
4.11,71.0,14.4,84.0,80.3,8,7.1,4.94,MEDIUM
1.47,69.7,14.5,40.5,35.7,11,3.8,2.56,HIGH
3.22,84.0,8.5,54.8,100.0,8,5.5,3.95,LOW
1.52,96.3,7.2,47.8,44.8,6,10.0,3.11,HIGH
1.09,79.8,20.7,23.4,34.5,13,6.7,3.02,HIGH
3.93,78.7,9.4,81.8,82.0,9,8.6,4.8,LOW
3.12,66.9,3.3,50.9,55.5,2,6.0,3.17,MEDIUM
0.9,96.0,13.2,20.1,24.0,1,9.2,2.38,HIGH
0.96,80.0,17.4,32.3,41.0,17,9.6,3.13,HIGH
3.19,74.4,10.9,68.7,73.4,4,6.3,4.24,MEDIUM
3.83,72.4,15.2,74.6,85.9,11,8.7,4.35,MEDIUM
2.0,94.4,5.7,39.7,28.8,3,8.6,2.92,HIGH
3.78,73.8,15.8,82.8,69.3,14,5.7,4.4,MEDIUM
3.32,94.5,6.3,66.1,68.4,2,7.3,3.94,LOW
2.63,70.5,13.8,56.4,63.5,6,3.7,3.74,MEDIUM
3.65,89.6,16.6,68.2,75.5,8,6.5,4.2,LOW
1.68,81.3,12.6,32.9,31.3,9,4.6,2.84,HIGH
2.75,62.8,4.6,67.5,62.7,4,4.3,2.88,MEDIUM
2.08,76.6,4.8,39.8,51.0,6,9.3,2.92,MEDIUM
2.78,43.0,21.6,73.6,60.7,13,4.3,3.67,HIGH
2.36,66.1,7.4,42.2,37.9,8,5.8,2.6,HIGH
1.4,52.8,16.6,39.3,26.4,13,3.9,2.85,HIGH
3.37,100.0,12.7,66.3,87.0,12,9.8,4.57,LOW
4.63,52.9,6.0,83.3,94.6,6,5.4,4.38,HIGH
3.49,100.0,8.8,74.1,66.0,7,7.8,4.21,LOW
3.22,86.2,22.2,71.2,62.5,18,9.5,4.66,MEDIUM
3.35,69.7,32.9,70.6,91.5,20,6.3,5.0,MEDIUM
4.29,90.9,10.1,68.6,78.5,8,9.7,4.66,LOW
4.52,67.7,9.7,71.2,79.9,2,6.7,4.49,MEDIUM
2.82,55.4,2.2,45.0,48.0,0,2.7,2.8,HIGH
2.52,79.3,2.1,50.4,50.5,4,10.0,3.0,MEDIUM
3.19,89.2,6.9,84.0,42.5,7,8.9,3.93,HIGH
1.86,98.5,9.3,42.4,50.3,4,9.1,3.15,MEDIUM
1.47,86.0,11.8,58.1,53.8,8,9.8,3.04,MEDIUM
3.75,69.5,16.1,70.9,85.7,7,4.6,4.4,MEDIUM
3.43,100.0,13.3,68.0,57.6,10,6.9,4.46,MEDIUM
1.63,96.6,16.2,45.5,13.3,11,10.0,3.05,HIGH
2.31,82.3,8.3,46.8,54.5,7,10.0,2.91,MEDIUM
2.97,97.4,11.6,61.8,75.4,8,10.0,4.2,LOW
1.75,100.0,9.8,24.2,23.2,6,10.0,2.64,HIGH
3.32,69.3,4.4,55.8,59.9,3,4.4,3.8,MEDIUM
2.62,63.6,0.2,37.5,59.0,5,5.6,2.87,MEDIUM
4.16,68.8,8.0,84.7,66.2,7,5.6,3.95,MEDIUM
4.05,56.4,0.0,62.0,53.9,3,7.7,3.59,HIGH
4.29,87.5,5.2,93.5,69.2,4,9.7,4.82,LOW
2.39,52.2,15.3,54.3,44.6,11,7.3,3.22,HIGH
3.9,98.2,13.1,83.1,49.9,11,8.6,4.39,HIGH
3.11,67.2,12.1,55.2,74.4,6,4.5,3.62,MEDIUM
3.25,99.7,19.1,52.5,82.2,13,10.0,4.78,LOW
2.2,37.1,7.6,44.6,49.2,5,3.8,2.58,HIGH
2.66,71.8,16.1,65.5,64.0,10,9.3,4.32,MEDIUM
3.51,57.3,7.2,88.9,49.4,8,5.6,3.79,HIGH
4.8,99.7,13.7,92.1,83.5,4,10.0,5.0,LOW
2.99,100.0,12.9,46.8,53.0,5,10.0,3.84,MEDIUM
4.09,40.5,13.2,66.6,80.2,6,3.7,3.86,HIGH
3.14,91.9,9.7,47.2,29.5,4,9.2,3.15,HIGH
3.57,95.1,13.9,67.3,64.4,8,9.6,4.45,MEDIUM
2.31,83.2,14.4,46.9,57.9,14,6.0,3.46,MEDIUM
2.08,87.4,3.4,44.8,50.0,7,7.8,3.16,HIGH
3.24,86.3,17.1,52.8,72.7,8,7.5,4.52,LOW
3.17,91.9,4.6,50.8,55.2,6,9.7,3.74,MEDIUM
2.14,60.5,6.7,48.0,14.1,5,4.4,2.6,HIGH
2.6,97.2,13.5,58.8,67.6,9,9.4,4.02,LOW
1.63,81.3,15.6,27.6,50.0,6,7.4,3.04,HIGH
1.6,80.4,13.3,43.8,59.2,4,8.2,3.19,MEDIUM
0.89,87.1,14.0,37.9,31.4,11,10.0,2.84,HIGH
1.39,57.7,5.2,12.5,42.4,4,8.0,2.15,HIGH
3.24,53.1,8.9,79.4,91.3,7,2.7,4.24,HIGH
4.96,76.1,0.0,96.4,65.2,6,7.5,4.76,LOW
2.95,100.0,6.5,68.8,64.6,4,9.4,4.08,MEDIUM
4.25,59.0,4.0,68.6,92.2,3,4.6,4.36,HIGH
3.21,80.8,12.1,71.1,65.6,13,10.0,4.29,LOW
3.03,66.5,26.1,69.5,61.2,15,5.6,4.35,MEDIUM
4.61,64.4,16.6,77.6,64.7,7,5.5,4.23,MEDIUM
4.16,86.0,0.0,85.3,93.9,4,10.0,5.0,LOW
1.46,90.2,2.9,35.5,51.3,2,10.0,2.91,MEDIUM
4.42,65.4,4.2,75.1,95.3,1,5.7,4.19,MEDIUM
0.22,100.0,1.5,16.3,20.8,3,10.0,2.11,HIGH
2.59,84.8,10.3,55.5,50.4,9,8.0,3.83,MEDIUM
2.73,74.1,13.4,52.9,56.1,5,7.1,3.32,MEDIUM
2.73,83.6,4.2,48.0,76.6,0,6.7,3.45,LOW
2.86,100.0,10.7,61.8,54.9,7,5.1,4.0,MEDIUM
1.89,90.1,13.3,49.0,62.3,5,6.2,3.5,MEDIUM
2.65,66.8,16.2,56.2,53.3,6,4.5,3.3,MEDIUM
4.11,77.7,12.9,60.5,65.3,8,8.6,4.28,LOW
3.77,80.1,14.0,65.6,45.8,12,8.3,3.87,HIGH
4.68,88.6,11.8,76.8,90.4,10,10.0,4.96,LOW
3.24,81.8,5.9,80.8,72.5,4,5.8,3.7,LOW
2.97,100.0,7.2,60.7,45.7,9,10.0,3.8,HIGH
4.87,74.4,4.1,85.2,100.0,9,10.0,5.0,MEDIUM
3.98,50.3,21.0,69.1,57.1,13,5.1,4.04,HIGH
3.51,81.4,3.2,66.4,75.7,2,6.8,4.2,LOW
0.94,70.9,17.7,36.7,40.3,15,5.8,2.57,HIGH
4.47,53.9,3.2,63.8,93.5,8,5.8,3.98,HIGH
3.93,66.7,16.6,76.3,49.4,11,10.0,4.53,HIGH
2.34,72.3,17.8,45.0,63.5,14,7.0,3.67,MEDIUM
3.15,96.2,18.9,66.6,60.4,9,6.5,4.47,MEDIUM
1.58,54.3,5.8,46.8,36.1,0,9.2,2.41,HIGH
4.29,83.6,13.0,72.4,88.0,5,7.6,5.0,LOW
4.2,100.0,8.4,64.3,88.3,6,10.0,4.62,LOW
4.59,75.2,6.7,80.9,58.4,5,8.8,4.37,MEDIUM
2.58,74.7,12.3,66.5,38.6,11,7.2,3.56,HIGH
4.21,89.5,16.9,86.5,91.3,5,10.0,5.0,LOW
1.09,86.4,8.4,27.5,38.9,1,7.2,2.5,HIGH
2.68,100.0,14.0,48.8,57.6,11,9.4,4.19,MEDIUM
2.61,75.3,6.6,48.5,42.7,0,6.5,3.13,HIGH
2.09,89.2,5.7,33.3,52.5,4,8.5,3.07,MEDIUM
1.99,89.5,10.1,52.7,60.4,7,10.0,3.79,MEDIUM
3.09,72.6,10.4,71.0,89.1,5,8.3,4.31,MEDIUM
1.8,76.2,16.0,38.2,39.0,11,4.5,2.91,HIGH
2.55,77.8,4.5,48.2,64.2,0,6.7,3.26,MEDIUM
3.73,58.2,25.0,64.0,92.5,19,5.1,4.55,HIGH
2.71,71.8,1.2,51.1,38.5,1,8.4,3.18,HIGH
2.86,100.0,13.4,50.6,79.7,8,7.2,4.31,LOW
2.08,94.6,10.3,44.6,49.5,15,10.0,3.8,HIGH
3.54,68.7,8.1,76.0,68.5,1,4.6,3.96,MEDIUM
3.68,77.7,10.9,77.1,63.0,4,8.3,4.09,MEDIUM
2.2,93.5,16.0,39.7,44.5,14,10.0,3.63,HIGH
2.68,85.1,17.0,56.7,46.6,5,6.1,3.46,HIGH
3.04,90.8,10.7,67.0,49.1,8,9.6,3.98,HIGH
1.59,86.5,14.0,29.5,45.7,7,8.3,3.27,HIGH
1.02,81.4,4.0,31.7,45.6,0,6.2,2.6,HIGH
4.18,75.3,10.9,89.8,63.9,9,5.1,4.62,MEDIUM
3.69,58.9,14.4,67.8,61.3,10,4.5,3.9,HIGH
3.58,89.1,0.0,48.6,71.2,2,7.3,3.99,LOW
1.78,74.5,12.5,16.5,29.5,14,7.0,2.5,HIGH
1.08,51.6,11.0,34.3,36.1,5,4.3,1.85,HIGH
1.9,69.3,19.6,44.5,41.3,14,7.8,3.27,HIGH
2.23,91.6,13.0,50.4,29.6,9,10.0,3.28,HIGH
1.17,47.3,14.9,37.5,40.1,12,1.7,2.64,HIGH
2.32,61.5,10.4,35.0,43.7,5,5.7,3.14,HIGH
4.57,80.2,15.8,75.5,94.3,5,6.1,4.78,LOW
4.73,100.0,15.4,90.2,81.9,7,7.8,5.0,LOW
0.87,94.0,4.2,35.5,21.7,3,6.3,1.85,HIGH
3.52,100.0,13.9,65.3,66.9,10,6.7,4.45,LOW
3.34,81.3,19.1,50.8,79.6,11,7.1,4.34,LOW
3.53,74.7,17.9,71.3,89.5,11,8.3,4.42,MEDIUM
2.24,91.5,12.2,49.1,56.5,13,9.9,3.74,MEDIUM
3.81,63.6,13.9,61.6,64.3,8,4.3,3.74,MEDIUM
3.77,62.4,17.5,51.7,71.1,9,3.9,4.13,MEDIUM
4.76,59.5,5.2,92.1,83.4,5,6.4,4.65,HIGH
3.41,95.4,14.8,60.0,64.0,4,8.7,4.52,MEDIUM
1.02,64.6,0.2,32.2,29.2,0,8.2,1.7,HIGH
2.57,94.0,17.2,55.1,42.4,10,7.2,3.51,HIGH
2.97,80.4,9.7,48.0,71.2,4,4.3,3.51,LOW
2.39,95.6,11.5,55.0,61.8,5,10.0,3.89,MEDIUM
3.75,60.3,8.7,62.6,70.7,9,2.3,3.84,MEDIUM
1.7,68.0,11.8,25.6,56.9,9,3.9,2.83,MEDIUM
4.7,85.3,13.5,69.3,90.9,8,7.2,4.83,LOW
2.96,71.1,16.5,59.4,46.0,10,6.5,3.25,HIGH
1.46,38.1,19.8,52.8,34.1,10,5.0,2.42,HIGH
1.75,56.0,12.3,41.6,60.2,10,3.6,3.13,HIGH
4.58,60.2,2.0,100.0,77.8,5,8.7,4.48,MEDIUM
1.73,61.4,19.8,55.5,33.9,14,3.1,2.95,HIGH
3.43,88.9,3.2,71.7,74.7,6,8.1,4.2,LOW
4.49,83.4,9.5,98.1,77.5,6,10.0,5.0,LOW
1.65,80.6,9.1,54.4,47.8,4,9.8,2.87,HIGH
4.39,100.0,12.1,92.6,79.0,7,4.1,5.0,LOW
3.91,96.8,4.4,54.9,63.2,4,10.0,4.17,MEDIUM
1.14,90.8,4.1,29.7,25.6,2,8.4,2.82,HIGH
3.39,54.1,11.9,58.9,45.2,12,6.0,3.44,HIGH
4.44,79.0,7.2,93.3,66.9,10,7.2,4.86,LOW
0.91,82.8,20.1,25.6,38.3,11,10.0,2.75,HIGH
2.64,71.4,8.7,72.1,69.5,9,9.7,4.27,MEDIUM
2.81,100.0,5.8,58.2,50.1,6,10.0,3.92,MEDIUM
2.15,78.8,22.0,47.0,31.6,11,8.8,3.09,HIGH
2.48,58.3,14.8,48.4,66.4,10,7.7,3.77,HIGH
1.74,62.0,28.3,39.3,56.4,13,4.1,3.38,MEDIUM
3.12,100.0,0.5,64.5,70.4,0,9.5,3.88,LOW
0.19,71.3,13.2,17.1,3.2,10,9.0,1.44,HIGH
2.94,44.7,14.9,54.4,65.3,10,5.1,3.7,HIGH
2.87,68.4,12.2,54.0,64.8,16,7.1,4.12,MEDIUM
2.55,48.8,9.8,71.5,64.5,6,3.3,3.51,HIGH
3.73,92.7,19.5,90.9,72.0,10,10.0,5.0,LOW
3.26,46.7,14.8,59.2,54.7,12,7.0,3.72,HIGH
2.94,55.6,1.9,67.6,54.3,2,7.6,3.5,HIGH
2.41,78.1,6.8,42.9,65.9,3,8.4,3.31,LOW
2.1,95.8,5.0,43.2,51.9,2,9.6,2.9,MEDIUM
2.61,76.9,11.3,43.3,38.9,7,9.9,3.46,HIGH
1.73,57.9,17.7,51.1,62.6,14,7.7,3.39,HIGH
4.76,80.9,9.7,91.2,98.5,8,6.3,4.85,LOW
3.05,70.5,10.5,67.5,80.6,4,7.7,3.55,MEDIUM
4.02,96.1,6.1,84.2,87.9,10,10.0,4.95,LOW
4.23,91.7,16.6,69.7,66.0,7,7.8,4.6,LOW
1.84,69.4,19.4,39.4,47.8,9,8.7,3.13,HIGH
2.2,90.5,11.8,52.5,56.1,11,10.0,3.79,MEDIUM
2.78,82.3,21.5,53.3,40.9,17,7.4,3.65,HIGH
1.73,99.9,8.7,41.7,28.2,7,7.3,3.07,HIGH
2.09,89.8,3.6,38.3,56.1,0,10.0,3.3,MEDIUM
3.5,86.8,16.8,80.8,76.9,10,10.0,4.18,LOW
3.57,99.2,11.4,78.0,96.4,3,10.0,4.84,LOW
0.98,78.2,8.5,42.1,28.6,13,9.1,2.66,HIGH
2.34,65.6,12.5,56.7,30.5,9,4.2,3.11,HIGH
3.77,81.2,2.5,60.6,68.9,5,8.0,4.12,LOW
3.22,72.3,1.5,58.5,73.2,1,7.0,3.29,MEDIUM
2.12,87.7,12.6,39.8,43.3,13,7.0,3.28,HIGH
3.13,79.0,14.6,59.4,63.1,7,8.8,3.94,MEDIUM
1.88,84.4,20.4,53.7,36.6,9,9.2,3.61,HIGH
1.57,58.7,17.3,23.8,54.3,11,5.3,2.51,HIGH
4.45,86.1,15.8,76.0,89.3,12,8.6,5.0,LOW
3.83,57.4,19.6,68.5,61.7,18,9.8,4.57,HIGH
4.14,93.4,14.9,63.9,69.6,14,8.1,4.84,LOW
2.23,93.4,9.9,50.5,41.1,10,7.1,3.31,HIGH
2.95,83.6,17.5,55.8,37.0,8,6.0,3.82,HIGH
1.86,83.0,17.3,54.0,34.9,8,8.8,3.11,HIGH
2.64,74.4,12.0,51.9,33.7,5,2.4,3.15,HIGH
2.58,68.3,4.8,58.3,65.4,3,5.8,3.51,MEDIUM
3.53,77.8,1.3,69.1,79.5,0,5.8,3.64,LOW
2.28,100.0,17.1,24.4,46.4,14,9.9,3.81,HIGH
1.8,81.7,14.9,27.6,45.6,6,8.1,2.65,HIGH
2.68,56.5,15.7,59.0,68.3,6,6.3,3.64,HIGH
2.75,50.7,17.3,59.6,65.9,9,6.3,3.49,HIGH
3.78,55.0,6.6,70.9,94.9,1,7.8,4.38,HIGH
2.01,72.0,0.7,58.5,49.3,4,6.5,3.0,HIGH
1.51,98.3,15.1,42.8,56.6,6,8.5,3.71,MEDIUM
2.64,61.6,19.2,70.2,56.0,13,7.9,4.03,MEDIUM
4.75,100.0,14.1,61.7,83.1,11,6.7,5.0,LOW
2.08,80.9,3.1,63.6,55.3,1,9.6,3.54,MEDIUM
3.04,85.7,13.4,54.6,67.2,6,8.9,3.97,LOW
1.99,85.3,5.3,45.0,38.5,2,9.4,2.76,HIGH
3.25,87.5,2.7,75.7,53.7,0,9.5,3.76,MEDIUM
4.21,71.4,12.0,57.0,77.8,6,7.4,4.29,MEDIUM
4.34,40.6,13.0,77.6,56.1,8,4.4,3.31,HIGH
4.48,68.6,11.4,92.3,77.1,3,4.6,4.84,MEDIUM
3.87,63.8,14.6,66.9,60.4,7,5.1,3.97,MEDIUM
2.76,83.0,7.3,65.6,49.8,6,10.0,3.88,HIGH
2.53,81.5,12.5,59.7,44.0,8,9.5,3.61,HIGH
2.46,73.6,9.1,53.6,61.7,0,9.5,3.13,MEDIUM
3.38,100.0,10.5,71.8,70.7,9,9.3,4.48,LOW
2.24,67.7,13.6,61.6,50.0,12,6.9,3.38,MEDIUM
4.1,42.4,18.4,82.5,70.8,9,5.3,4.11,HIGH
1.48,79.9,13.8,46.4,51.1,3,10.0,3.03,MEDIUM
0.99,97.0,15.7,21.0,42.6,7,9.4,2.84,HIGH
3.97,82.6,12.1,80.3,72.2,5,9.2,4.08,LOW
4.42,72.3,14.9,86.3,96.2,13,8.7,5.0,MEDIUM
3.13,81.8,18.2,73.1,59.5,7,10.0,4.35,MEDIUM
3.28,100.0,23.3,52.7,66.4,12,9.6,4.6,LOW
4.22,64.0,19.3,89.1,70.2,16,9.0,4.78,MEDIUM
3.34,78.5,11.7,56.2,60.0,8,5.0,4.18,MEDIUM
3.07,88.7,18.9,84.5,53.5,12,6.6,4.37,MEDIUM
1.49,82.1,15.3,28.4,47.1,9,9.2,2.91,HIGH
3.2,74.0,8.4,51.3,67.3,9,8.3,3.57,MEDIUM
1.98,71.2,15.4,41.8,33.1,10,6.6,2.67,HIGH
4.55,73.4,5.2,93.8,88.5,10,6.5,4.92,MEDIUM
1.62,86.5,15.4,42.8,62.1,15,7.8,3.59,MEDIUM
1.64,85.6,22.5,56.4,33.0,14,6.8,3.35,HIGH
2.18,100.0,16.9,44.6,39.9,10,9.9,3.56,HIGH
1.81,53.4,19.2,37.3,43.5,12,2.2,2.65,HIGH
3.93,100.0,9.7,66.6,89.6,5,10.0,4.88,LOW
2.99,74.7,14.9,54.6,54.6,9,8.2,3.6,MEDIUM
1.15,76.6,16.2,18.2,56.1,5,10.0,2.82,MEDIUM
3.03,91.7,10.2,54.0,47.7,4,9.5,3.75,HIGH
1.39,91.6,16.1,23.8,39.7,12,9.1,3.1,HIGH
3.89,96.5,14.7,80.6,52.1,10,9.9,4.44,MEDIUM
1.3,100.0,16.2,49.3,24.9,9,8.6,2.85,HIGH
3.25,77.4,5.8,65.9,60.9,6,5.2,3.73,MEDIUM
2.17,100.0,19.7,40.8,51.6,16,8.0,3.78,MEDIUM
2.32,67.9,14.7,57.2,65.3,8,5.9,3.5,MEDIUM
2.91,73.1,11.3,58.3,50.4,3,5.5,2.89,MEDIUM
4.46,75.1,11.4,92.0,85.5,9,10.0,5.0,LOW
1.12,69.6,11.8,22.4,17.6,9,5.5,2.63,HIGH
2.01,79.0,7.0,36.4,58.2,7,8.7,3.33,MEDIUM
3.57,92.3,19.1,75.8,83.7,7,10.0,4.43,LOW
3.34,88.4,17.8,64.9,77.2,6,10.0,4.39,LOW
1.2,68.2,18.2,42.3,47.2,11,8.2,2.91,HIGH
3.18,66.9,21.1,54.1,61.4,13,6.3,3.87,MEDIUM
3.05,64.3,13.1,65.0,64.0,7,9.8,3.64,MEDIUM
2.51,79.4,2.1,58.1,52.0,7,5.5,3.06,MEDIUM
3.87,52.7,15.8,57.6,71.6,9,3.4,4.09,HIGH
2.66,63.8,15.5,54.8,46.3,13,6.8,3.6,HIGH
4.24,70.7,21.3,58.4,80.7,15,7.2,4.66,MEDIUM
2.52,94.9,18.5,67.4,58.2,7,10.0,4.27,MEDIUM
2.02,75.9,12.8,32.1,58.1,5,7.9,3.0,MEDIUM
3.66,94.1,11.1,68.1,74.0,3,10.0,4.39,LOW
3.29,81.0,18.0,64.4,74.7,12,10.0,4.37,LOW
3.2,70.4,0.0,53.4,53.9,2,7.3,3.02,MEDIUM
3.83,71.1,13.4,91.0,88.8,12,8.5,4.76,MEDIUM
2.92,59.3,17.7,51.8,55.9,12,4.4,3.84,HIGH
4.16,100.0,11.3,74.7,51.7,3,8.6,4.74,MEDIUM
2.26,95.8,9.7,42.0,45.0,5,10.0,3.4,HIGH
2.99,87.7,13.8,52.9,66.8,2,9.0,3.88,LOW
3.02,57.1,20.1,59.2,61.3,12,6.1,4.13,HIGH
3.55,70.8,14.7,75.2,44.3,17,5.7,3.96,HIGH
1.24,62.4,7.9,35.2,37.9,6,5.4,2.23,HIGH
4.7,80.0,19.3,77.9,85.3,12,8.6,5.0,LOW
2.96,63.2,20.5,59.3,47.7,12,5.7,3.31,HIGH
2.73,67.3,7.2,42.3,63.1,6,5.0,3.22,MEDIUM
0.74,63.6,28.8,37.9,26.8,15,4.7,2.57,HIGH
3.2,74.2,12.0,58.0,39.4,9,6.1,3.64,HIGH
0.62,79.1,17.7,19.8,35.1,8,7.2,2.27,HIGH
2.0,74.6,16.4,25.5,48.0,7,6.9,2.95,HIGH
1.94,100.0,7.8,39.0,63.3,2,10.0,3.43,MEDIUM
2.18,91.0,9.3,64.5,38.1,6,10.0,3.4,HIGH
3.64,65.5,12.4,75.8,66.2,4,7.1,4.04,MEDIUM
3.03,83.2,0.8,71.6,73.2,6,10.0,4.16,LOW
2.34,66.8,16.9,51.2,39.7,9,6.4,3.32,HIGH
1.28,71.7,0.6,8.0,48.3,0,8.1,2.26,HIGH
1.35,85.7,12.1,35.9,49.5,4,9.2,2.62,HIGH
3.84,88.7,8.0,74.6,75.5,6,9.8,4.61,LOW
3.2,68.6,15.5,72.0,60.9,11,5.4,3.78,MEDIUM
2.4,60.3,0.0,50.7,43.9,3,5.4,3.14,HIGH
4.77,79.4,2.0,78.9,76.1,0,6.3,4.46,LOW
3.13,85.0,8.4,60.9,65.5,4,9.3,3.9,LOW
2.86,67.8,15.1,54.5,23.5,7,6.8,3.49,HIGH
2.31,91.1,13.3,54.8,43.6,10,5.3,3.66,HIGH
4.01,88.2,18.3,74.1,65.8,11,9.8,4.69,LOW
2.29,67.6,12.6,39.5,38.2,6,7.2,2.73,HIGH
3.61,96.1,11.9,74.8,70.8,5,10.0,4.18,LOW
3.68,96.6,5.6,62.8,51.8,3,10.0,3.85,MEDIUM
3.58,100.0,10.7,65.6,82.6,7,10.0,4.68,LOW
1.53,100.0,11.9,33.3,50.4,11,7.7,3.15,MEDIUM
2.55,63.6,0.0,55.6,70.0,2,8.6,3.11,MEDIUM
1.75,92.8,6.7,27.5,36.1,4,8.9,2.72,HIGH
1.08,92.1,14.8,31.6,35.6,8,7.8,3.11,HIGH
3.65,72.4,13.1,80.6,79.0,13,2.6,4.54,MEDIUM
1.97,85.3,10.5,45.5,44.0,9,10.0,3.62,HIGH
2.94,48.0,8.4,52.4,52.3,9,4.2,2.99,HIGH
2.4,47.5,1.5,47.4,53.1,5,4.5,2.87,HIGH
3.82,50.6,0.0,75.3,69.1,1,5.7,3.81,HIGH
1.43,84.2,10.2,42.0,25.1,10,10.0,3.11,HIGH
1.55,85.0,20.9,53.3,11.2,8,8.0,2.92,HIGH
2.85,73.6,12.2,41.4,46.7,12,7.3,3.27,HIGH
3.76,100.0,18.1,74.0,42.3,13,10.0,4.34,HIGH
3.77,93.8,4.9,73.5,60.4,5,8.8,4.24,MEDIUM
1.86,52.4,13.7,42.2,61.0,6,3.6,2.85,HIGH
4.89,75.2,7.8,92.0,64.3,8,3.1,4.61,MEDIUM
2.06,63.0,7.5,43.6,52.2,9,9.0,2.78,MEDIUM
1.91,84.6,16.5,33.6,59.4,8,8.9,3.63,MEDIUM
4.6,77.5,11.3,86.2,63.6,5,8.8,4.4,MEDIUM
3.77,63.9,3.7,78.0,92.3,0,5.4,4.39,MEDIUM
3.85,100.0,12.6,72.3,71.0,9,10.0,4.65,LOW
2.08,78.9,7.7,56.8,63.4,5,6.7,3.71,MEDIUM
4.43,71.3,3.3,79.1,83.3,10,7.5,4.22,MEDIUM
2.46,73.9,6.0,56.5,46.9,0,7.6,3.39,HIGH
2.58,100.0,24.3,37.8,19.2,11,10.0,3.35,HIGH
2.64,92.6,19.3,77.0,41.5,11,10.0,3.85,HIGH
1.52,75.4,0.0,35.6,47.5,3,6.3,2.84,HIGH
4.49,62.1,10.9,77.5,99.3,9,7.4,4.96,MEDIUM
3.76,64.6,11.3,68.8,53.8,7,5.7,3.56,MEDIUM
1.14,70.3,10.4,22.7,33.3,8,5.4,2.31,HIGH
2.05,86.1,8.0,34.1,41.3,6,9.7,3.34,HIGH
1.35,90.1,16.5,35.6,41.8,13,9.4,3.24,HIGH
2.35,66.4,17.7,51.3,51.9,9,4.2,3.29,MEDIUM
3.85,90.8,18.3,75.0,67.5,9,8.1,4.87,LOW
1.9,63.5,14.0,43.2,52.3,11,7.8,3.19,MEDIUM
2.56,68.2,15.7,52.5,45.5,14,7.6,3.14,HIGH
1.55,54.8,9.9,26.2,39.8,5,6.3,2.38,HIGH
3.44,54.3,2.5,61.7,75.4,3,9.1,3.83,HIGH
1.06,63.3,2.4,32.5,24.1,2,8.3,2.07,HIGH
3.68,77.6,6.9,64.9,65.3,7,7.5,3.96,LOW
4.74,62.1,10.8,88.9,77.6,2,5.4,4.65,MEDIUM
3.79,100.0,4.3,70.6,76.5,3,8.6,4.47,LOW
3.04,63.1,5.2,59.1,64.7,2,5.4,3.01,MEDIUM
1.68,80.9,9.7,42.3,35.4,5,4.9,2.45,HIGH
4.51,99.1,17.2,87.5,85.3,2,7.5,5.0,LOW
4.65,79.5,14.0,91.9,49.4,15,9.3,4.96,HIGH
2.66,72.2,6.8,74.8,65.3,0,10.0,3.57,MEDIUM
0.92,80.4,12.3,37.4,41.6,9,8.1,2.85,HIGH
3.2,69.0,4.0,48.1,56.7,0,5.5,3.37,MEDIUM
3.15,62.0,6.8,51.4,53.6,1,0.0,2.99,MEDIUM
3.3,87.8,2.1,61.8,63.6,3,10.0,3.99,MEDIUM
4.11,68.7,14.6,69.1,64.7,11,4.2,4.3,MEDIUM
1.67,93.0,10.3,44.0,32.4,3,6.4,3.02,HIGH
2.06,90.7,11.1,50.9,50.6,4,8.5,3.55,MEDIUM
4.6,80.7,16.8,79.2,92.2,6,8.0,4.85,LOW
2.08,93.5,6.0,58.2,51.0,5,9.4,3.28,MEDIUM
1.91,69.3,14.8,58.1,79.3,6,5.2,3.78,MEDIUM
1.88,90.5,23.9,25.1,59.3,17,9.9,3.83,MEDIUM
3.75,90.5,6.1,57.0,79.4,1,8.0,4.33,LOW
1.82,73.2,2.6,53.3,51.9,4,6.3,3.05,MEDIUM
0.65,71.1,4.5,33.5,28.2,8,6.6,2.31,HIGH
4.43,83.3,14.3,86.5,86.1,9,7.0,5.0,LOW
2.2,100.0,22.5,48.2,51.2,7,7.5,3.65,MEDIUM
3.26,74.3,22.2,62.9,76.3,14,5.1,4.4,MEDIUM
3.1,70.8,17.1,66.8,58.0,9,4.9,3.82,MEDIUM
1.87,96.9,17.3,44.9,40.2,10,10.0,3.76,HIGH
4.31,79.1,14.8,92.7,92.4,14,8.7,5.0,LOW
4.34,91.9,16.4,73.3,73.3,10,8.6,5.0,LOW
2.07,100.0,13.8,46.2,35.6,10,9.6,3.17,HIGH
2.83,47.5,7.2,66.4,48.7,3,7.1,2.97,HIGH
2.76,77.4,22.3,58.1,65.6,12,8.8,3.82,LOW
3.01,74.3,20.0,66.8,92.1,15,10.0,4.63,MEDIUM
2.86,62.6,7.3,64.5,47.4,6,5.1,3.47,HIGH
2.69,47.3,15.9,51.1,63.4,10,2.4,3.19,HIGH
3.09,52.5,20.8,51.1,63.1,15,7.2,3.67,HIGH
3.99,79.7,14.5,67.4,87.4,14,7.9,4.76,LOW
3.09,69.5,10.8,50.6,69.0,3,5.3,3.43,MEDIUM
4.6,65.2,20.6,65.4,96.7,10,7.5,4.99,MEDIUM
2.18,79.5,13.5,58.6,52.0,13,6.5,3.45,MEDIUM
4.0,66.9,8.2,56.1,63.9,12,8.1,3.93,MEDIUM
2.89,98.6,5.1,77.0,50.3,3,10.0,3.94,MEDIUM
2.69,68.1,0.0,50.1,58.2,2,6.4,3.28,MEDIUM
3.59,100.0,23.8,66.1,73.9,14,6.6,4.45,LOW
3.71,77.5,7.0,55.5,65.3,6,5.9,3.91,LOW
4.07,67.6,17.8,80.0,99.2,11,9.8,4.59,MEDIUM
3.58,66.4,6.5,66.1,79.5,9,10.0,4.15,MEDIUM
3.97,100.0,13.0,75.1,48.5,3,10.0,4.57,HIGH
3.76,89.1,14.7,63.5,69.2,7,9.7,4.66,LOW
4.62,65.8,4.6,89.1,70.3,6,4.4,4.26,MEDIUM
3.53,79.9,17.7,59.8,90.3,9,10.0,4.5,LOW
3.49,40.3,10.8,68.2,40.3,8,3.5,3.22,HIGH
2.55,56.7,15.3,57.9,58.8,12,4.3,3.18,HIGH
2.42,66.0,20.7,65.8,53.4,17,7.3,3.8,MEDIUM
1.62,65.6,16.4,47.4,50.5,11,10.0,3.0,MEDIUM
3.09,97.4,11.4,62.3,65.2,12,9.5,4.36,LOW
1.18,47.4,23.7,32.6,59.4,14,4.8,2.66,HIGH
4.05,55.2,11.7,78.9,85.7,6,2.5,4.15,HIGH
2.59,85.2,12.6,61.5,32.2,3,8.7,3.5,HIGH
2.24,81.7,11.0,41.1,66.2,4,9.5,3.59,LOW
0.83,72.4,4.6,36.5,32.1,4,7.1,2.32,HIGH
3.76,100.0,4.0,62.1,87.5,4,10.0,4.58,LOW
3.65,87.9,8.7,74.4,65.3,7,9.2,4.12,LOW
3.19,97.6,5.9,68.3,50.0,10,7.7,3.94,HIGH
2.66,77.2,10.3,48.2,40.3,9,3.2,3.1,HIGH
3.55,69.3,17.0,52.9,80.5,12,6.7,4.13,MEDIUM
0.45,69.5,9.5,19.1,33.9,12,6.5,2.09,HIGH
2.8,92.8,13.3,30.7,50.1,7,10.0,3.42,MEDIUM
4.12,90.4,9.0,75.0,43.6,4,10.0,4.25,HIGH
1.13,74.5,27.3,19.4,47.0,19,10.0,3.07,HIGH
1.26,85.5,21.0,65.0,11.2,13,4.4,2.78,HIGH
3.06,93.4,10.5,71.5,86.9,7,10.0,4.26,LOW
1.79,69.0,13.6,42.6,25.8,8,8.2,2.55,HIGH
3.66,72.5,4.0,83.2,69.4,3,6.7,4.33,MEDIUM
1.63,85.1,10.7,46.6,43.6,7,10.0,3.15,HIGH
2.53,49.4,8.4,41.3,57.8,6,0.0,3.11,HIGH
2.34,85.4,16.5,43.9,54.7,9,7.5,3.9,MEDIUM
3.13,60.0,6.4,72.2,63.4,6,6.4,3.9,HIGH
1.8,93.1,21.9,32.5,38.0,15,9.4,3.13,HIGH
3.41,100.0,11.6,70.2,63.1,6,10.0,4.66,MEDIUM
1.68,66.8,6.8,47.0,33.7,8,9.0,2.72,HIGH
2.66,56.4,12.2,52.3,56.7,4,7.0,3.23,HIGH
1.68,75.1,16.4,41.8,20.5,11,7.0,2.69,HIGH
4.25,73.8,15.1,87.1,81.3,11,9.3,4.84,MEDIUM
3.53,88.6,12.9,75.9,66.3,8,7.7,4.44,LOW
2.3,81.7,17.3,54.0,60.3,10,9.7,4.23,MEDIUM
4.67,73.3,16.9,85.0,79.8,9,5.9,4.56,MEDIUM
2.14,79.4,16.9,52.9,55.1,8,8.5,3.92,MEDIUM
2.82,60.0,10.3,37.1,64.1,7,3.1,3.46,MEDIUM
1.97,91.3,10.3,59.3,43.9,5,10.0,3.37,HIGH
1.59,100.0,10.8,37.5,44.5,10,9.1,3.1,HIGH
1.36,58.8,9.0,28.1,21.0,0,3.1,1.64,HIGH
4.76,52.7,12.6,92.4,100.0,7,3.3,4.63,HIGH
3.1,71.6,12.0,67.1,54.8,2,6.5,3.54,MEDIUM
2.09,58.5,21.9,36.6,45.1,9,4.0,2.94,HIGH
2.33,57.6,9.0,50.7,38.0,4,7.2,2.88,HIGH
2.83,55.6,6.1,57.8,48.4,9,5.0,3.31,HIGH
4.32,74.9,15.9,79.5,98.2,13,9.4,5.0,MEDIUM
1.3,71.4,12.4,50.7,37.8,8,6.6,2.81,HIGH
2.0,84.0,7.9,44.7,42.4,6,9.8,3.13,HIGH
2.64,69.0,16.7,53.3,51.4,13,6.9,3.8,MEDIUM
3.91,58.5,10.3,66.8,72.8,10,5.3,4.23,HIGH
0.95,77.7,21.1,21.1,40.0,10,5.7,2.69,HIGH
3.55,61.1,6.3,72.2,70.0,7,6.2,3.81,MEDIUM
4.64,86.2,8.5,79.9,85.6,3,10.0,5.0,LOW
0.75,51.3,12.8,24.4,17.4,7,3.8,1.91,HIGH
4.39,43.4,20.1,82.8,75.9,13,4.3,4.43,HIGH
4.78,52.2,7.7,87.4,86.9,3,4.1,4.09,HIGH
2.73,71.3,14.3,57.3,55.8,8,10.0,3.73,MEDIUM
4.45,73.4,5.0,83.1,75.3,0,8.0,4.31,MEDIUM
4.13,80.2,17.5,83.2,69.7,12,8.2,4.92,LOW
3.3,69.0,8.1,90.9,69.4,3,5.9,4.07,MEDIUM
3.94,64.5,15.7,86.4,78.7,7,8.2,4.24,MEDIUM
1.14,100.0,16.0,28.4,45.8,14,10.0,3.22,HIGH
2.03,96.7,1.1,57.6,48.8,0,9.5,3.59,HIGH
3.74,93.8,13.3,60.6,45.5,10,9.2,4.15,HIGH
1.12,82.9,9.0,26.2,62.0,9,6.1,2.79,MEDIUM
2.04,84.2,15.0,52.6,46.4,12,10.0,3.45,HIGH
2.09,65.1,6.8,53.2,42.4,4,8.4,2.97,HIGH
3.8,80.3,8.5,78.0,70.5,4,8.0,4.62,LOW
4.0,63.0,19.2,69.2,69.3,8,6.1,4.51,MEDIUM
3.8,61.1,18.7,66.1,61.3,6,4.4,3.86,MEDIUM
0.64,52.1,6.0,25.9,34.4,7,2.3,1.72,HIGH
2.62,84.5,22.8,51.7,52.9,15,6.7,3.86,MEDIUM
2.78,80.6,0.0,65.6,55.9,3,10.0,3.63,MEDIUM
4.79,73.2,13.3,84.1,55.1,0,6.5,4.53,MEDIUM
3.29,71.1,4.3,61.3,61.4,3,9.3,3.7,MEDIUM
3.45,48.7,14.2,50.5,53.4,11,4.8,3.23,HIGH
2.72,82.1,10.4,64.5,49.8,11,6.5,3.62,HIGH
4.27,73.0,5.9,82.2,80.6,5,5.8,4.37,MEDIUM
3.64,92.3,7.6,46.8,61.7,6,9.7,3.86,MEDIUM
2.88,80.3,7.3,62.6,52.6,3,4.8,3.61,MEDIUM
3.68,89.3,12.5,66.2,70.7,9,7.4,4.38,LOW
3.32,77.9,17.8,72.5,58.4,10,6.9,3.94,MEDIUM
0.75,80.9,23.8,25.3,15.9,11,9.7,2.94,HIGH
4.37,92.9,11.0,72.5,58.5,4,9.9,4.64,MEDIUM
1.79,74.9,13.8,59.2,47.1,6,7.9,3.37,HIGH
2.93,85.5,19.1,74.7,52.9,12,9.5,4.42,MEDIUM
3.21,70.9,9.3,61.4,43.0,2,9.2,3.46,HIGH
2.8,75.9,7.3,60.7,72.1,4,7.7,3.83,LOW
3.04,100.0,23.7,56.0,64.6,17,7.9,4.06,MEDIUM
2.87,88.2,10.9,41.0,43.9,3,9.2,3.65,HIGH
2.94,69.3,13.3,72.3,50.7,9,5.3,3.65,MEDIUM
3.66,84.8,2.4,61.9,81.8,4,4.3,4.12,LOW
3.94,57.5,8.9,86.8,71.0,5,6.1,4.16,HIGH
1.34,74.5,23.3,42.1,31.7,15,8.5,3.41,HIGH
4.21,62.7,14.8,81.0,85.9,8,7.0,4.88,MEDIUM
1.77,85.2,11.8,41.2,40.8,10,9.5,2.62,HIGH
3.95,75.0,20.4,81.3,88.1,8,9.7,5.0,MEDIUM
3.5,82.5,2.1,58.2,62.1,8,6.3,3.74,MEDIUM
1.57,90.4,9.5,51.9,33.1,11,8.3,3.17,HIGH
4.04,70.6,25.6,77.1,74.8,8,4.5,4.72,MEDIUM
3.49,71.2,11.7,82.2,78.4,11,8.0,4.27,MEDIUM
3.24,77.4,11.7,62.3,66.3,6,10.0,4.03,LOW
2.4,64.2,19.1,52.4,52.8,15,5.3,3.26,MEDIUM
3.38,77.8,19.5,68.3,55.6,14,9.2,4.58,MEDIUM
1.61,78.7,4.2,44.9,29.1,0,6.3,2.55,HIGH
2.72,81.7,14.6,74.0,67.7,11,9.5,4.24,LOW
1.35,84.7,22.5,30.9,49.8,11,4.0,3.06,HIGH
4.4,52.4,8.1,79.7,92.0,7,8.3,4.35,HIGH
2.9,57.4,9.8,58.2,68.0,7,3.6,3.56,HIGH
2.63,59.3,12.2,31.3,60.2,5,6.3,3.47,HIGH
3.52,79.5,16.2,62.3,72.5,6,10.0,4.02,LOW
4.54,73.4,3.4,78.1,83.1,4,5.0,4.45,MEDIUM
2.03,41.7,0.0,71.9,53.2,3,7.7,2.99,HIGH
3.28,100.0,13.3,66.8,63.4,8,10.0,4.21,MEDIUM
3.22,46.2,19.0,68.3,69.8,9,6.0,4.01,HIGH
3.04,78.5,10.1,45.9,71.5,5,7.9,3.77,LOW
0.45,87.0,8.3,21.1,9.2,2,8.3,1.74,HIGH
3.73,66.5,11.0,80.4,83.4,9,7.8,3.94,MEDIUM
3.94,88.2,21.6,99.3,72.5,6,10.0,5.0,LOW
4.2,61.9,8.0,71.1,94.3,8,2.2,4.28,MEDIUM
3.78,80.7,15.4,53.5,86.2,9,7.5,4.71,LOW
2.44,43.1,5.1,43.9,39.9,6,3.1,2.59,HIGH
1.79,96.8,5.4,34.1,43.0,6,8.2,2.87,HIGH
0.53,78.0,17.1,15.4,3.1,10,6.4,1.59,HIGH
3.73,52.5,21.8,80.0,65.6,11,2.7,4.3,HIGH
2.92,88.1,17.3,62.2,63.1,13,10.0,4.25,MEDIUM
3.0,100.0,0.0,48.7,70.2,0,8.8,3.65,LOW
2.1,63.2,9.5,60.7,48.3,10,6.0,3.03,HIGH
1.02,74.6,13.4,49.3,37.6,5,6.8,2.91,HIGH
4.71,69.8,12.4,68.6,75.5,7,5.9,4.8,MEDIUM
4.27,65.7,0.5,90.8,77.5,6,7.4,4.26,MEDIUM
4.25,64.0,4.2,77.0,70.4,10,5.8,3.75,MEDIUM
4.45,67.7,7.2,72.4,83.7,6,8.0,4.47,MEDIUM
3.29,68.5,11.6,49.8,80.7,3,10.0,4.03,MEDIUM
3.04,72.3,0.4,56.1,59.9,4,5.0,3.35,MEDIUM
2.51,71.1,15.6,47.5,36.7,9,7.8,2.95,HIGH
2.41,90.2,11.4,52.6,54.1,4,9.6,3.9,MEDIUM
2.4,88.8,5.7,72.5,60.1,5,6.5,3.25,MEDIUM
3.38,53.5,13.2,60.6,54.3,4,6.6,3.41,HIGH
1.59,68.5,3.4,24.8,55.2,4,6.3,2.33,MEDIUM
3.13,98.0,11.7,58.7,54.7,5,10.0,3.81,MEDIUM
1.3,82.7,1.2,44.9,27.1,0,10.0,2.04,HIGH
2.87,83.4,2.1,55.6,36.8,0,8.3,3.22,HIGH
3.21,81.8,9.3,69.7,66.2,4,7.7,4.27,LOW
4.27,73.8,7.7,80.8,99.6,7,10.0,4.86,MEDIUM
1.68,77.3,14.3,40.7,45.9,12,6.6,2.85,HIGH
2.02,71.5,11.9,61.2,37.5,12,7.7,3.49,HIGH
2.27,91.7,24.6,39.3,55.9,9,9.0,3.93,MEDIUM
3.61,71.7,10.4,58.8,78.2,6,9.6,4.02,MEDIUM
1.7,76.2,0.0,31.4,55.7,0,10.0,2.81,MEDIUM
2.44,89.8,0.0,55.1,37.4,1,10.0,3.38,HIGH
4.16,72.8,4.8,78.0,94.9,8,6.2,4.39,MEDIUM
3.9,76.9,32.3,80.6,75.2,18,7.4,5.0,LOW
1.75,72.3,11.8,40.5,63.6,10,4.8,3.0,MEDIUM
2.51,76.6,18.7,50.8,55.1,17,8.2,3.53,MEDIUM
3.38,72.8,18.0,69.0,72.3,6,5.7,4.18,MEDIUM
4.55,69.4,4.4,100.0,70.3,2,10.0,4.73,MEDIUM
4.17,66.7,1.2,65.9,88.2,4,5.6,4.16,MEDIUM
3.65,75.2,15.9,60.5,56.1,10,9.6,3.99,MEDIUM
2.54,94.3,0.0,53.6,56.8,5,10.0,3.95,MEDIUM
1.68,88.0,17.9,60.5,36.3,9,10.0,3.3,HIGH
1.38,52.7,11.3,24.9,36.2,8,4.3,2.32,HIGH
1.61,71.1,15.7,39.1,53.6,7,6.0,3.13,MEDIUM
2.4,67.8,13.8,42.3,47.4,12,10.0,2.87,HIGH
2.1,53.0,14.1,50.5,60.7,9,9.2,3.45,HIGH
1.75,82.4,12.6,20.6,37.6,12,8.8,2.88,HIGH
1.17,76.5,13.7,22.2,35.9,13,7.0,2.52,HIGH
1.81,100.0,12.3,54.9,69.1,4,8.3,3.62,LOW
4.95,72.7,3.7,89.3,88.7,8,6.0,4.97,MEDIUM
3.7,65.6,9.6,63.1,68.9,9,8.0,3.6,MEDIUM
1.04,64.0,25.0,30.1,34.2,14,10.0,2.83,HIGH
4.3,70.8,13.9,78.8,74.2,11,6.8,4.69,MEDIUM
1.94,87.4,18.9,49.7,33.1,9,10.0,3.79,HIGH
1.26,89.3,6.1,13.2,60.4,9,10.0,2.58,MEDIUM
0.45,100.0,6.0,11.4,19.5,5,9.4,2.17,HIGH
4.3,58.7,4.8,70.0,60.0,7,7.9,3.93,HIGH
3.96,79.4,4.0,80.6,71.5,2,10.0,4.45,LOW
2.74,67.1,2.3,56.1,60.7,3,8.5,3.53,MEDIUM
4.24,83.6,13.4,93.0,74.9,11,7.5,4.74,LOW
1.11,100.0,9.9,40.0,33.0,7,10.0,3.28,HIGH
2.82,91.8,17.3,53.9,55.6,12,10.0,4.3,MEDIUM
3.14,58.7,10.1,61.5,67.0,4,7.8,3.83,HIGH
3.17,89.0,0.0,75.4,72.2,2,10.0,3.98,LOW
2.2,44.2,14.7,62.3,46.5,7,4.0,2.84,HIGH
4.45,39.9,0.0,80.8,100.0,1,6.1,4.31,HIGH
1.91,74.0,13.3,33.9,57.3,7,10.0,3.13,MEDIUM
4.58,87.8,7.4,62.7,82.0,5,7.9,4.52,LOW
4.2,83.6,13.4,57.0,61.0,3,5.6,4.53,MEDIUM
3.53,100.0,3.3,72.6,68.8,3,10.0,4.41,LOW
0.77,79.7,16.7,31.0,38.5,10,7.0,2.77,HIGH
2.04,76.3,12.2,38.8,56.4,3,6.1,3.45,MEDIUM
1.91,96.5,9.9,56.6,22.5,7,10.0,3.19,HIGH
2.35,72.0,1.8,48.1,52.2,5,6.7,2.9,MEDIUM
3.15,84.2,22.9,56.3,56.3,14,4.6,3.82,MEDIUM
1.57,85.2,6.6,50.3,58.0,7,10.0,3.51,MEDIUM
1.39,62.5,13.6,46.2,38.9,7,8.0,2.66,HIGH
2.42,84.2,6.3,50.8,24.5,4,6.4,2.34,HIGH
2.08,100.0,34.7,51.3,51.5,19,9.9,3.7,MEDIUM
3.19,96.2,12.9,69.3,39.3,8,7.6,3.63,HIGH
0.31,64.6,8.3,41.4,27.8,0,4.7,1.78,HIGH
3.01,100.0,15.6,58.9,91.2,7,8.8,4.46,LOW
3.53,89.0,16.5,56.1,83.7,13,10.0,4.72,LOW
2.06,84.8,14.4,52.1,49.9,6,10.0,3.24,HIGH
3.64,76.4,10.1,70.2,61.0,6,6.8,4.08,MEDIUM
3.72,88.9,14.6,71.9,85.4,9,10.0,4.94,LOW
3.65,79.8,11.1,69.5,76.8,3,9.6,4.31,LOW
4.11,78.3,11.8,60.8,72.4,12,3.6,4.17,LOW
3.23,75.9,7.3,66.1,56.7,5,4.8,3.47,MEDIUM
2.76,93.6,3.2,52.8,45.7,1,10.0,3.69,HIGH
1.82,91.8,15.4,39.2,47.9,11,8.2,3.05,HIGH
0.3,75.6,15.6,15.6,17.2,8,8.5,2.31,HIGH
4.26,53.7,19.8,78.5,79.7,12,6.0,4.58,HIGH
2.52,78.6,12.3,55.4,64.5,12,3.6,3.36,MEDIUM
4.0,66.5,10.7,74.7,68.7,5,5.3,4.31,MEDIUM
2.5,70.4,3.5,64.1,60.8,7,8.5,3.57,MEDIUM
4.13,76.0,11.8,84.5,90.5,6,5.7,4.77,LOW
2.37,61.0,14.2,49.8,55.9,9,5.3,3.38,MEDIUM
3.14,52.2,1.1,51.7,70.3,3,2.8,3.19,HIGH
2.64,82.7,18.4,60.4,59.8,10,6.6,3.94,MEDIUM
2.62,78.4,7.7,51.1,54.8,2,6.8,3.6,MEDIUM
2.01,77.8,10.8,43.4,56.1,8,4.1,3.13,MEDIUM
2.06,86.2,15.6,32.7,66.2,13,10.0,3.77,LOW
2.9,67.4,12.0,62.6,68.8,9,4.0,3.23,MEDIUM
3.58,83.3,20.4,94.6,65.8,14,8.0,4.82,LOW
4.71,99.4,15.8,80.7,82.0,8,8.5,5.0,LOW
1.97,73.9,11.1,50.8,44.1,9,9.5,2.85,HIGH
1.42,100.0,0.0,48.8,49.2,3,7.5,3.32,HIGH
0.79,78.8,18.0,21.6,22.7,13,6.3,2.51,HIGH
1.86,64.4,4.9,18.7,31.8,4,3.8,1.83,HIGH
2.67,91.6,17.1,62.0,61.0,12,4.3,3.91,MEDIUM
2.9,76.2,14.9,59.2,58.8,8,8.6,3.92,MEDIUM
3.39,94.8,10.8,69.0,83.2,9,9.5,4.74,LOW
2.04,84.6,17.7,46.2,19.5,7,8.9,2.98,HIGH
3.37,72.8,15.1,77.2,67.7,8,8.9,4.41,MEDIUM
3.34,100.0,14.0,64.1,59.9,6,10.0,4.58,MEDIUM
1.95,70.0,1.7,66.0,55.1,13,6.1,3.36,MEDIUM
1.99,43.4,12.2,51.9,42.6,10,4.9,2.99,HIGH
0.59,92.1,4.5,33.9,19.3,1,8.2,2.04,HIGH
3.83,83.6,5.4,72.6,82.9,0,10.0,4.54,LOW
2.65,98.5,9.8,57.8,70.4,1,9.1,4.37,LOW
3.32,63.9,20.8,47.9,63.3,8,6.2,3.6,MEDIUM
2.43,74.0,14.2,45.7,51.1,6,8.7,3.47,MEDIUM
3.11,72.2,14.6,72.5,76.8,6,10.0,4.02,MEDIUM
3.52,92.9,16.6,67.1,81.2,8,7.2,4.8,LOW
2.83,88.4,6.8,46.1,69.9,7,6.4,3.27,LOW
2.98,81.4,2.5,52.8,54.9,2,7.7,3.32,MEDIUM
4.0,81.5,1.5,68.1,66.2,4,6.7,4.51,LOW
3.26,59.6,13.4,63.5,83.2,5,7.4,3.91,HIGH
1.86,90.3,17.9,34.6,51.4,9,9.4,3.38,MEDIUM
1.46,90.6,17.5,51.2,29.6,7,6.8,3.26,HIGH
2.32,100.0,7.0,51.9,49.2,6,10.0,3.52,HIGH
1.81,85.5,20.1,28.2,44.4,11,10.0,2.87,HIGH
3.2,88.1,24.3,78.3,61.5,19,7.2,4.37,MEDIUM
0.57,85.6,15.6,23.1,22.4,7,9.2,2.61,HIGH
2.04,66.9,20.9,50.6,61.3,9,2.3,3.56,MEDIUM
3.0,98.0,17.2,63.0,66.3,11,9.1,3.93,LOW
2.96,77.1,10.6,63.6,86.5,6,8.3,3.93,LOW
3.42,74.9,8.0,62.8,81.3,7,7.2,3.97,MEDIUM
1.22,75.8,2.3,36.6,36.7,2,7.8,2.3,HIGH
3.04,76.9,9.3,59.1,77.6,6,6.1,3.69,LOW
1.53,70.2,10.6,41.6,43.7,5,9.5,2.87,HIGH
3.47,81.4,10.7,65.1,95.5,6,7.3,4.31,LOW
1.98,76.5,11.3,41.7,41.9,3,5.2,2.77,HIGH
2.31,75.1,0.0,35.0,55.8,5,7.4,2.72,MEDIUM
2.6,85.8,16.7,53.9,47.2,14,10.0,3.97,HIGH
3.66,79.2,17.4,72.2,64.7,13,9.0,4.2,MEDIUM
1.84,69.1,14.2,61.0,39.6,7,5.9,3.12,HIGH
1.09,65.8,5.0,36.2,48.1,2,10.0,2.71,HIGH
2.78,79.6,14.2,49.5,59.4,10,7.8,4.12,MEDIUM
2.32,66.1,12.1,39.6,20.9,5,3.2,2.66,HIGH
2.96,64.9,14.8,62.0,60.5,12,7.7,3.86,MEDIUM
2.1,65.1,21.3,39.1,35.7,5,6.2,2.62,HIGH
3.1,82.1,10.9,55.8,56.1,6,8.1,4.06,MEDIUM
3.72,97.1,13.1,63.3,83.9,5,10.0,4.68,LOW
2.99,83.6,6.8,56.6,43.8,9,7.8,3.62,HIGH
2.5,92.2,17.5,59.9,38.3,13,8.6,3.83,HIGH
3.55,76.9,16.2,48.3,47.7,11,5.2,3.78,HIGH
4.0,80.3,13.3,87.9,69.3,14,7.0,4.67,LOW
4.16,100.0,5.7,75.3,55.9,4,10.0,4.38,MEDIUM
3.79,91.3,7.9,65.5,51.7,7,8.0,4.24,MEDIUM
3.66,93.0,1.0,78.8,66.5,0,6.0,3.76,LOW
4.07,73.8,7.8,74.0,78.8,4,8.7,4.11,MEDIUM
3.55,77.9,16.3,57.8,56.8,10,9.2,3.96,MEDIUM
1.92,84.5,14.4,28.6,49.2,6,9.8,3.41,HIGH
1.94,68.3,13.0,51.0,46.5,9,5.0,3.11,HIGH
3.11,40.2,20.9,69.3,68.0,6,4.0,3.54,HIGH
1.96,84.3,13.8,40.3,33.0,10,8.9,2.95,HIGH
0.71,93.4,8.5,38.9,51.8,4,10.0,2.81,MEDIUM
4.13,78.9,7.8,77.3,62.1,3,9.1,4.4,MEDIUM
4.65,68.5,10.6,98.1,75.6,9,4.0,4.98,MEDIUM
2.38,72.7,9.3,41.1,57.5,11,10.0,3.82,MEDIUM
2.55,45.5,17.7,42.4,55.1,13,2.1,3.04,HIGH
2.3,72.7,14.5,44.3,60.3,6,4.0,3.68,MEDIUM
3.23,60.2,10.1,59.5,59.5,9,0.1,3.4,MEDIUM
1.98,66.8,10.3,56.2,31.0,6,8.1,2.97,HIGH
2.54,59.3,16.2,56.1,35.3,13,8.8,3.54,HIGH
3.76,57.5,18.1,63.8,92.0,11,4.5,4.56,HIGH
1.75,61.9,0.9,41.4,38.9,0,2.7,2.55,HIGH
2.77,88.1,11.0,52.3,54.8,6,10.0,3.48,MEDIUM
1.4,69.8,12.5,28.0,59.2,5,4.4,2.71,MEDIUM
1.55,60.3,15.3,37.5,33.9,7,7.3,2.88,HIGH
1.28,90.1,12.7,32.3,36.2,7,7.2,2.54,HIGH
3.31,80.1,14.4,57.0,52.0,10,7.1,3.5,MEDIUM
2.71,40.2,10.6,47.9,40.2,10,4.7,2.56,HIGH
0.56,93.9,7.2,31.5,48.5,4,10.0,2.61,HIGH
2.9,79.2,16.7,62.7,81.4,13,8.1,4.67,LOW
1.28,90.3,16.9,43.7,48.2,5,10.0,2.88,HIGH
4.47,74.4,15.9,79.2,92.4,7,10.0,4.8,MEDIUM
3.78,100.0,17.0,60.9,80.0,16,10.0,4.77,LOW
4.1,71.9,6.2,70.7,66.5,1,6.8,3.87,MEDIUM
3.77,35.8,9.0,81.8,74.3,10,3.8,3.63,HIGH
2.9,63.8,18.7,42.5,52.5,11,9.1,3.2,MEDIUM
3.86,86.0,14.1,87.3,40.9,8,7.3,4.16,HIGH
2.23,80.5,12.3,37.3,62.6,10,7.2,3.78,MEDIUM
3.03,76.0,10.5,68.2,67.1,9,7.6,4.07,LOW
1.53,62.2,19.6,27.7,23.6,15,6.2,2.82,HIGH
4.73,78.3,1.4,80.0,79.9,1,7.3,4.41,LOW
1.06,77.8,13.8,10.3,45.4,9,5.9,2.27,HIGH
2.75,77.6,11.6,74.8,58.1,7,9.5,4.0,MEDIUM
1.89,86.6,4.5,49.1,24.1,0,7.9,2.73,HIGH
4.81,80.9,21.7,93.5,70.8,13,8.4,5.0,LOW
2.96,74.0,0.0,54.4,81.7,1,7.4,3.94,MEDIUM
1.86,62.0,12.7,33.6,44.9,2,7.5,2.57,HIGH
3.55,99.8,15.2,76.0,80.3,12,10.0,4.66,LOW
4.4,100.0,6.1,69.0,100.0,5,9.5,5.0,LOW
2.9,100.0,13.7,56.8,53.1,6,9.2,4.09,MEDIUM
1.58,89.2,10.7,26.2,44.3,8,8.7,2.71,HIGH
2.08,51.2,17.9,47.4,23.5,9,2.9,2.62,HIGH
4.28,49.2,33.1,60.0,70.6,19,3.3,4.16,HIGH
3.98,69.2,14.0,60.0,80.7,13,8.0,4.51,MEDIUM
2.18,77.1,15.6,39.1,46.2,11,8.3,3.19,HIGH
2.61,76.5,6.1,60.3,60.0,3,5.7,3.35,MEDIUM
3.4,81.1,13.3,60.7,76.8,5,7.9,3.96,LOW
3.89,55.7,9.8,83.1,79.1,4,2.4,4.29,HIGH
3.56,100.0,16.7,83.4,71.8,12,10.0,4.91,LOW
3.71,100.0,3.4,67.5,72.2,3,9.3,4.53,LOW
2.0,57.0,5.6,30.3,39.2,6,9.9,2.62,HIGH
4.16,48.2,19.1,87.1,65.2,10,6.0,4.6,HIGH
4.89,76.6,13.3,72.9,100.0,5,5.8,4.6,LOW
3.41,98.2,19.9,57.1,75.2,13,7.9,4.56,LOW
2.88,77.5,14.2,41.2,48.9,6,9.0,3.76,HIGH
0.99,82.2,15.1,39.4,32.6,8,10.0,2.38,HIGH
2.78,71.0,10.1,62.4,40.2,3,10.0,3.46,HIGH
4.22,80.3,10.8,94.5,71.4,4,10.0,4.87,LOW
3.77,93.1,17.8,67.1,77.2,13,10.0,4.72,LOW
3.96,84.6,11.1,66.1,76.5,10,10.0,4.78,LOW
3.21,87.2,19.1,57.9,64.4,14,8.9,4.5,MEDIUM
4.22,51.4,11.3,65.0,66.5,10,5.2,3.9,HIGH
2.51,100.0,4.9,67.0,40.2,3,7.6,3.4,HIGH
4.53,51.6,4.4,100.0,92.8,6,8.2,4.49,HIGH
3.65,80.5,11.0,62.5,89.4,10,8.3,4.54,LOW
2.58,75.6,17.5,59.6,60.7,8,7.4,3.79,MEDIUM
0.6,76.3,8.0,22.5,24.4,6,6.0,1.98,HIGH
4.03,91.9,16.4,79.8,89.1,9,10.0,5.0,LOW
3.08,66.7,12.6,71.8,51.0,2,8.6,3.53,MEDIUM
2.6,71.1,15.6,42.6,67.1,10,5.3,3.24,MEDIUM
2.78,59.7,10.3,52.0,49.8,4,7.0,3.32,HIGH
1.04,96.0,13.1,42.6,25.9,11,10.0,2.85,HIGH
1.67,82.3,17.6,45.2,37.4,8,5.7,2.8,HIGH
4.37,88.2,11.9,83.8,78.0,8,10.0,4.8,LOW
4.37,91.0,8.9,85.6,90.1,6,10.0,5.0,LOW
1.37,100.0,1.1,41.7,21.6,0,10.0,2.75,HIGH
3.44,100.0,15.2,78.1,58.9,8,10.0,4.65,MEDIUM
3.3,83.2,7.4,72.0,66.7,6,10.0,4.13,LOW
3.83,80.5,8.9,72.0,78.3,9,10.0,4.38,LOW
2.4,69.5,5.6,54.5,31.1,4,7.5,3.19,HIGH
3.94,89.9,10.6,73.5,63.7,10,10.0,4.48,MEDIUM
3.98,89.3,24.6,67.2,52.7,15,9.8,4.75,MEDIUM
4.14,66.3,14.1,76.6,67.6,10,10.0,4.35,MEDIUM
4.39,89.5,8.1,79.8,74.2,7,9.2,4.71,LOW
2.24,94.1,9.3,31.6,55.4,5,8.6,2.77,MEDIUM
3.95,60.1,3.4,82.1,45.9,0,7.1,3.58,HIGH
1.7,81.0,5.2,49.9,49.6,9,10.0,2.83,HIGH
3.95,76.9,4.3,79.7,67.2,6,5.8,4.2,LOW
3.85,77.9,13.6,81.6,67.8,8,6.4,4.29,LOW
3.3,62.8,14.7,62.7,75.8,11,4.8,3.91,MEDIUM
2.21,48.8,12.5,43.0,65.1,9,2.5,3.38,HIGH
2.41,65.9,14.2,60.6,43.8,6,4.7,2.99,HIGH
3.54,63.7,7.4,57.5,59.6,4,8.2,3.73,MEDIUM
1.42,83.7,5.1,25.4,33.6,8,8.8,2.61,HIGH
1.84,83.9,5.1,47.1,35.8,4,5.8,2.59,HIGH
3.92,83.0,4.8,78.0,55.7,5,9.7,4.43,MEDIUM
1.95,55.7,14.2,53.5,44.9,12,6.3,3.35,HIGH
2.97,60.1,24.1,42.5,51.7,14,7.9,3.93,MEDIUM
3.9,68.1,5.7,72.5,73.7,2,5.6,3.83,MEDIUM
3.09,78.4,9.9,50.0,81.7,7,5.4,3.72,LOW
2.11,72.6,13.2,55.2,46.3,6,8.6,2.87,HIGH
2.5,83.0,10.3,65.8,43.9,2,9.9,3.49,HIGH
3.0,93.6,14.0,65.1,56.8,11,7.2,4.03,MEDIUM
4.35,62.0,8.5,74.7,80.4,5,6.7,4.52,MEDIUM
4.84,62.6,7.9,80.1,83.8,0,5.0,4.84,MEDIUM
3.76,80.2,10.9,67.4,64.0,8,10.0,4.04,MEDIUM
0.72,76.7,14.0,17.5,8.3,9,9.0,2.1,HIGH
4.75,89.9,19.7,84.6,92.1,17,10.0,5.0,LOW
3.68,78.1,14.3,62.8,58.9,9,6.1,4.04,MEDIUM
3.14,100.0,10.5,48.3,79.5,10,8.6,4.56,LOW
3.06,52.6,17.0,64.7,56.4,12,4.5,3.64,HIGH
3.81,91.4,18.0,76.7,65.2,9,8.1,4.73,LOW
1.85,81.2,10.2,59.8,38.3,8,8.9,3.29,HIGH
1.85,55.6,11.1,38.5,45.7,7,3.4,2.64,HIGH
3.27,44.9,9.4,45.1,53.3,4,7.5,3.08,HIGH
4.69,60.0,16.9,93.5,75.5,8,9.5,5.0,HIGH
3.3,97.3,12.4,73.8,71.7,6,10.0,4.46,LOW
1.65,95.5,3.6,51.1,28.8,3,10.0,3.01,HIGH
0.71,75.9,14.4,40.4,34.5,9,7.3,2.6,HIGH
1.75,72.2,20.9,56.1,52.5,10,7.6,2.98,MEDIUM
3.16,64.3,21.4,52.7,70.3,12,4.9,3.72,MEDIUM
2.23,75.0,9.1,64.0,52.1,0,7.8,3.31,MEDIUM
4.07,70.4,7.8,72.7,53.3,2,7.7,3.82,MEDIUM
1.83,100.0,23.4,50.5,29.1,12,8.3,3.56,HIGH
2.92,58.2,21.4,61.4,42.7,17,9.1,3.6,HIGH
4.61,84.3,14.8,74.4,78.0,11,8.3,4.93,LOW
1.9,100.0,1.7,55.1,45.0,0,7.9,2.77,HIGH
2.59,90.4,8.4,49.3,40.0,11,8.6,3.63,HIGH
2.45,60.0,5.4,70.4,50.3,4,4.8,3.22,MEDIUM
2.78,53.3,22.9,49.0,65.1,10,3.7,3.63,HIGH
3.11,82.4,2.8,51.7,49.6,3,10.0,3.51,HIGH
0.88,80.4,22.8,21.6,20.5,16,8.1,2.45,HIGH
1.54,97.7,11.4,53.0,53.7,4,10.0,3.69,MEDIUM
2.27,86.8,4.8,33.4,38.7,1,9.5,3.29,HIGH
2.37,70.2,17.9,59.7,55.3,16,8.0,3.7,MEDIUM
4.08,69.2,15.8,94.6,90.0,10,6.9,4.77,MEDIUM
4.47,57.1,4.4,80.3,66.4,2,4.8,3.7,HIGH
3.92,80.1,11.8,69.9,59.6,7,10.0,4.37,MEDIUM
1.64,55.5,20.3,40.4,38.2,12,6.9,2.72,HIGH
4.63,92.6,9.5,73.2,83.6,6,8.9,4.82,LOW
3.73,87.4,22.1,97.4,62.5,17,10.0,5.0,MEDIUM
3.23,86.9,7.5,70.2,86.9,6,10.0,4.19,LOW
2.58,56.9,2.3,41.5,60.6,5,6.4,3.37,HIGH
0.89,75.6,12.3,20.3,20.8,8,10.0,2.08,HIGH
2.36,71.8,3.2,52.1,34.6,3,6.2,2.43,HIGH
4.74,79.6,12.7,73.1,83.6,11,6.2,4.72,LOW
1.93,86.5,12.0,28.9,50.3,10,8.0,3.21,MEDIUM
4.7,69.8,7.4,88.5,100.0,0,7.1,4.89,MEDIUM
1.18,70.4,23.3,42.7,35.4,13,10.0,3.07,HIGH
2.18,88.9,12.0,56.9,45.7,14,8.1,3.49,HIGH
2.35,59.9,17.2,49.6,39.2,9,6.8,3.04,HIGH
3.82,66.1,17.6,69.5,75.9,12,8.8,4.24,MEDIUM
2.71,78.1,22.6,56.1,68.1,17,8.7,4.19,LOW
1.24,92.4,4.7,43.5,13.9,1,8.3,2.61,HIGH
4.51,62.5,1.5,70.0,82.0,1,3.7,4.08,MEDIUM
3.13,100.0,22.3,54.2,49.6,8,10.0,4.05,HIGH
3.26,56.4,15.5,60.2,47.4,10,3.5,3.51,HIGH
2.66,100.0,12.8,52.4,75.5,9,9.2,4.41,LOW
3.43,97.2,11.2,65.9,76.6,9,9.8,4.46,LOW
0.52,55.1,10.1,22.6,18.0,11,8.0,1.62,HIGH
3.52,51.9,17.2,74.6,65.4,10,7.2,4.11,HIGH
4.12,89.5,3.3,59.2,71.9,0,9.2,4.35,LOW
2.55,72.0,14.9,37.2,40.1,6,9.6,3.41,HIGH
1.92,61.9,18.2,37.2,38.4,8,9.1,3.11,HIGH
2.48,100.0,16.5,60.8,62.1,10,9.0,4.09,MEDIUM
1.31,58.9,11.6,28.1,29.5,14,5.1,2.16,HIGH
1.78,66.4,12.0,41.3,48.5,7,8.1,2.75,HIGH
3.38,68.3,19.7,66.9,58.6,15,10.0,4.19,MEDIUM
2.26,33.2,15.5,52.1,35.5,9,1.9,2.72,HIGH
4.36,79.5,22.5,96.1,93.4,9,4.3,5.0,LOW
2.09,63.4,1.5,53.2,21.6,0,7.6,2.39,HIGH
2.21,91.0,17.4,58.2,70.4,8,10.0,3.8,LOW
1.85,93.1,7.1,41.4,55.8,5,9.6,3.57,MEDIUM
4.5,81.7,11.6,97.3,83.2,8,10.0,5.0,LOW
2.46,81.9,20.3,52.6,47.1,10,6.5,3.72,HIGH
2.51,80.6,6.0,33.1,48.7,7,6.6,3.41,HIGH
0.57,66.8,24.7,48.2,28.5,17,5.2,2.46,HIGH
1.32,68.2,18.6,35.2,38.7,10,7.0,2.91,HIGH
1.39,99.2,15.5,41.2,26.0,12,10.0,3.07,HIGH
3.62,89.8,6.4,58.7,69.6,0,7.4,4.29,LOW
3.58,81.3,10.9,90.7,71.3,0,10.0,4.29,LOW
2.38,87.6,9.8,42.7,47.7,9,9.3,3.45,HIGH
3.21,77.0,4.6,59.3,89.8,3,5.6,4.05,LOW
1.39,81.0,18.6,20.6,35.9,17,9.3,2.8,HIGH
4.57,87.5,9.6,87.1,60.8,6,7.9,4.63,MEDIUM
4.03,44.8,10.9,72.6,62.2,4,4.7,3.77,HIGH
3.95,92.5,11.2,58.9,81.8,12,10.0,4.9,LOW
4.11,91.3,10.7,75.9,66.8,9,10.0,5.0,LOW
1.52,65.5,15.2,38.8,27.4,14,8.4,3.07,HIGH
3.18,97.9,8.3,60.3,79.3,4,9.9,4.56,LOW
4.02,42.5,18.1,57.1,76.3,12,2.3,3.12,HIGH
3.07,83.6,8.4,63.9,53.7,3,7.7,3.74,MEDIUM
0.66,78.6,11.8,12.2,0.0,2,7.9,1.73,HIGH
2.01,73.0,4.2,54.0,53.5,6,10.0,3.35,MEDIUM
2.24,78.3,18.4,43.0,49.5,9,6.8,3.08,HIGH
1.6,87.3,20.0,48.2,56.0,8,9.1,3.62,MEDIUM
2.07,49.1,16.3,46.2,33.8,5,2.4,2.16,HIGH
2.98,94.0,13.0,60.3,55.2,9,10.0,4.25,MEDIUM
3.43,71.4,11.8,79.2,69.6,8,7.1,3.85,MEDIUM
4.38,94.2,2.6,72.5,94.3,1,9.2,5.0,LOW
1.43,88.3,3.9,25.5,41.1,1,10.0,2.86,HIGH
3.49,71.1,16.5,72.9,58.4,12,5.7,4.04,MEDIUM
2.41,76.7,10.9,38.1,67.4,0,10.0,3.51,LOW
1.23,77.7,3.8,25.4,31.4,5,6.2,2.24,HIGH
3.98,100.0,3.6,58.9,75.8,5,10.0,4.14,LOW
3.75,59.8,15.8,82.8,79.6,6,2.8,4.32,HIGH
4.13,71.0,17.2,66.9,94.5,4,7.7,4.91,MEDIUM
2.73,52.7,2.8,49.4,60.7,5,6.5,3.03,HIGH
2.58,80.0,12.9,40.8,85.1,4,7.3,3.87,LOW
3.69,68.0,14.3,66.6,68.6,13,7.4,4.06,MEDIUM
2.96,70.0,8.5,58.0,63.0,12,6.3,3.85,MEDIUM
3.18,100.0,19.4,70.9,55.1,12,10.0,4.45,MEDIUM
2.32,64.8,9.9,36.6,54.3,6,7.0,3.04,MEDIUM
3.76,75.4,1.7,65.5,74.3,2,10.0,4.18,LOW
2.45,70.7,10.8,66.0,64.8,2,4.3,3.73,MEDIUM
4.23,71.7,20.2,88.9,82.6,11,7.6,5.0,MEDIUM
2.2,100.0,9.9,41.2,42.4,5,9.2,3.11,HIGH
3.05,50.2,5.7,60.3,63.8,2,5.3,3.15,HIGH
2.45,88.3,15.8,71.4,44.2,11,8.6,3.79,HIGH
3.87,100.0,13.6,61.1,78.8,9,9.3,4.79,LOW
4.55,95.3,12.0,64.1,75.0,10,8.5,4.58,LOW
3.08,78.8,14.9,55.9,44.4,8,9.3,3.82,HIGH
3.31,59.2,7.8,63.8,50.8,7,5.2,3.65,HIGH
4.59,98.9,8.4,75.8,68.2,6,9.8,4.72,LOW
3.62,93.0,16.4,79.1,62.4,11,9.7,5.0,MEDIUM
2.21,53.5,6.2,50.3,38.8,4,3.9,2.47,HIGH
2.86,72.9,21.7,51.9,57.8,18,8.5,4.03,MEDIUM
4.41,58.7,19.4,75.7,75.0,4,4.0,3.98,HIGH
2.45,32.2,5.1,44.3,58.5,6,4.2,2.62,HIGH
3.53,58.3,20.9,76.3,72.1,14,6.6,4.31,HIGH
2.99,79.7,12.9,55.2,56.0,4,7.7,3.61,MEDIUM
3.04,87.3,20.3,48.7,75.5,17,6.5,4.1,LOW
4.61,72.8,12.8,93.8,71.4,8,7.3,4.7,MEDIUM
1.81,100.0,10.9,39.4,55.4,7,7.9,3.46,MEDIUM
3.15,94.5,10.3,48.7,64.0,8,9.2,3.61,MEDIUM
2.77,76.0,0.0,73.7,52.1,4,9.2,3.15,MEDIUM
4.61,74.0,17.6,90.2,96.1,11,7.4,5.0,MEDIUM
2.69,84.1,7.8,55.9,62.4,6,10.0,3.71,MEDIUM
4.44,77.7,17.8,79.5,67.3,13,8.4,4.66,LOW
4.23,55.2,22.0,75.7,81.7,15,7.1,4.73,HIGH
1.59,73.3,8.5,35.8,44.6,7,8.8,2.93,HIGH
2.6,88.6,8.2,51.3,66.6,1,10.0,3.88,LOW
2.41,99.0,18.0,45.3,58.8,7,7.3,4.02,MEDIUM
3.11,93.4,9.2,60.6,69.4,9,8.3,3.85,LOW
2.14,83.3,19.9,41.1,42.7,11,8.4,3.25,HIGH
1.4,100.0,7.9,38.3,35.1,4,10.0,2.74,HIGH
4.53,84.8,20.6,82.8,78.5,13,8.8,5.0,LOW
2.78,76.6,10.2,49.7,37.7,8,7.6,3.19,HIGH
4.34,100.0,14.0,79.2,94.2,8,10.0,5.0,LOW
1.58,89.5,17.9,44.1,26.7,13,8.3,2.81,HIGH
4.3,98.8,15.1,56.9,81.4,5,9.1,4.65,LOW
3.25,59.0,18.4,69.5,59.5,6,6.9,3.69,HIGH
2.42,64.2,3.3,39.0,49.0,8,10.0,3.19,HIGH
3.67,64.9,9.6,65.5,77.5,3,6.5,3.77,MEDIUM
2.27,80.9,12.4,20.7,40.4,3,6.8,3.22,HIGH
4.42,100.0,7.4,87.0,85.4,4,8.9,5.0,LOW
3.56,59.8,17.8,61.1,73.5,10,5.2,3.91,HIGH
2.37,92.5,8.9,45.6,41.9,5,10.0,3.44,HIGH
2.82,58.8,7.4,58.3,68.5,5,5.1,3.25,HIGH
3.28,100.0,17.6,44.5,80.4,6,10.0,4.19,LOW
2.76,52.5,5.7,57.0,80.9,7,5.1,3.59,HIGH
4.58,89.8,6.0,90.2,79.0,0,6.4,5.0,LOW
4.28,92.1,15.0,81.0,80.2,9,8.6,5.0,LOW
4.59,87.9,20.1,79.8,85.2,12,3.8,4.79,LOW
3.27,64.0,13.0,64.4,71.7,10,6.7,3.8,MEDIUM
3.11,61.1,2.3,60.9,82.5,3,7.1,3.98,MEDIUM
0.73,98.4,16.1,33.5,34.0,6,8.1,2.88,HIGH
1.75,94.8,8.4,53.8,48.7,4,8.4,3.02,HIGH
3.24,94.6,18.7,59.5,50.3,9,6.8,3.92,MEDIUM
3.72,96.5,9.7,73.1,94.7,2,5.2,4.61,LOW
2.57,53.4,18.9,46.8,48.2,12,2.3,3.1,HIGH
3.53,52.9,9.5,72.1,35.5,4,6.6,3.84,HIGH
2.52,67.3,7.9,57.4,26.0,6,6.1,2.79,HIGH
2.67,70.3,0.5,53.4,59.3,1,7.5,3.32,MEDIUM
1.66,68.6,8.0,45.1,26.0,2,10.0,2.68,HIGH
4.38,82.4,13.1,80.7,79.9,4,10.0,4.51,LOW
3.0,95.8,12.6,59.6,42.1,7,10.0,3.39,HIGH
3.14,73.3,15.7,53.3,65.6,5,6.4,3.72,MEDIUM
1.62,65.0,19.5,41.0,47.4,14,9.6,3.26,HIGH
2.87,91.0,12.2,52.2,60.2,12,10.0,4.3,MEDIUM
1.44,73.5,12.4,45.3,29.8,10,9.1,2.66,HIGH
3.9,79.7,18.7,65.0,83.1,12,8.0,4.78,LOW
3.72,72.7,13.4,73.4,65.2,8,5.4,4.09,MEDIUM
2.38,83.4,6.5,48.1,49.0,2,10.0,3.64,HIGH
1.99,61.8,8.9,47.5,39.7,8,7.9,2.87,HIGH
4.99,89.6,0.0,89.2,84.6,6,8.6,4.89,LOW
2.28,77.5,6.4,41.0,72.3,4,7.2,3.36,LOW
3.39,65.8,1.9,76.9,65.5,2,4.1,3.67,MEDIUM
4.07,86.5,14.1,67.1,59.7,6,10.0,4.73,MEDIUM
2.34,65.8,19.3,56.5,39.2,10,6.9,3.32,HIGH
4.53,66.5,6.4,65.9,78.1,1,7.4,4.37,MEDIUM
1.85,58.8,6.6,39.8,34.3,4,7.7,2.21,HIGH
1.92,50.7,17.7,59.2,56.3,12,6.5,3.01,HIGH
3.29,86.5,9.3,61.5,47.0,7,6.9,3.69,HIGH
2.43,96.6,13.5,52.4,50.5,9,9.7,3.76,MEDIUM
4.53,70.8,16.5,99.0,93.5,2,7.9,4.93,MEDIUM
1.42,65.2,7.8,34.9,30.3,6,7.5,2.46,HIGH
2.89,49.0,7.9,60.9,63.7,7,1.7,3.1,HIGH
4.55,43.2,9.0,89.3,81.2,6,2.3,4.59,HIGH
2.04,89.6,2.7,31.8,46.2,6,10.0,2.99,HIGH
3.71,46.4,14.9,65.7,76.0,9,5.9,4.09,HIGH
1.08,59.7,15.6,32.6,10.9,10,9.2,2.22,HIGH
1.53,82.5,12.5,22.0,53.9,5,5.2,2.74,MEDIUM
3.44,79.4,20.2,80.3,43.4,13,9.7,4.42,HIGH
1.68,83.2,10.4,47.8,55.2,9,9.1,3.29,MEDIUM
3.05,78.1,15.7,66.9,66.0,7,5.7,3.85,LOW
2.26,72.3,14.9,62.1,55.3,5,3.7,3.39,MEDIUM
4.56,59.8,7.2,90.7,100.0,4,7.9,4.79,HIGH
2.78,67.9,18.9,54.4,71.1,8,4.8,3.86,MEDIUM
3.05,73.4,12.8,44.4,70.4,10,4.7,3.91,MEDIUM
3.57,47.8,17.8,61.7,64.4,9,5.7,4.03,HIGH
2.4,65.4,4.2,44.4,47.2,6,6.5,2.73,HIGH
3.74,72.0,12.7,77.3,80.5,3,8.4,3.8,MEDIUM
4.63,67.0,9.2,85.3,88.3,4,7.6,5.0,MEDIUM
2.11,72.5,6.9,30.9,51.1,3,10.0,3.07,MEDIUM
3.08,88.7,20.5,69.8,60.4,13,10.0,4.47,MEDIUM
2.0,90.7,13.2,58.3,41.1,2,10.0,3.23,HIGH
0.54,100.0,3.1,37.9,8.9,2,8.2,1.69,HIGH
2.4,53.9,9.0,39.7,59.3,5,8.5,2.68,HIGH
4.26,71.3,17.6,82.1,75.4,11,6.1,4.62,MEDIUM
3.22,97.6,6.9,53.2,60.1,5,7.9,3.92,MEDIUM
1.11,50.1,6.3,51.1,11.9,2,4.6,2.22,HIGH
3.95,59.2,11.1,74.6,74.4,0,6.8,4.16,HIGH
4.35,68.1,14.8,76.6,62.6,7,5.9,4.49,MEDIUM
2.29,100.0,7.6,43.8,44.9,2,8.2,3.19,HIGH
1.03,62.4,14.3,33.8,41.9,5,4.4,2.27,HIGH
2.33,95.3,12.2,55.1,51.4,5,9.9,3.36,MEDIUM
3.93,77.6,12.9,57.5,71.8,10,8.9,4.11,LOW
2.12,59.7,0.0,60.8,38.9,0,7.3,2.46,HIGH
3.22,100.0,12.1,68.0,56.5,2,6.9,3.96,MEDIUM
3.95,81.1,10.5,88.2,92.4,5,6.5,4.4,LOW
3.23,84.0,14.3,80.5,72.6,8,10.0,4.29,LOW
3.09,86.6,8.1,60.4,55.7,5,7.8,3.76,MEDIUM
3.88,85.3,9.8,81.7,71.0,4,8.9,4.01,LOW
1.5,100.0,15.2,31.8,42.0,8,10.0,3.47,HIGH
0.65,100.0,20.7,20.1,32.4,12,5.5,2.99,HIGH
2.5,63.1,4.1,68.2,52.7,1,6.1,3.36,MEDIUM
2.82,100.0,15.1,49.8,36.2,12,10.0,3.88,HIGH
3.42,66.8,19.3,68.2,65.4,11,4.7,4.14,MEDIUM
3.58,83.2,16.2,59.6,67.0,13,8.0,4.43,LOW
2.51,54.8,18.9,46.2,77.9,12,3.1,3.52,HIGH
1.44,94.6,8.7,31.6,70.5,2,10.0,3.26,LOW
3.73,73.1,19.4,85.5,78.0,5,6.0,4.2,MEDIUM
1.36,59.6,7.7,40.5,28.8,9,5.1,2.34,HIGH
2.32,97.0,12.3,58.2,58.6,5,10.0,3.89,MEDIUM
1.21,100.0,9.0,15.1,14.6,6,10.0,2.49,HIGH
1.88,100.0,9.2,43.6,38.0,4,10.0,3.43,HIGH
1.46,53.6,1.7,33.1,19.0,6,8.9,2.38,HIGH
1.4,100.0,0.2,41.0,44.2,1,10.0,2.75,HIGH
1.56,73.2,19.1,62.5,25.3,7,10.0,2.87,HIGH
3.89,100.0,1.2,49.4,69.0,1,10.0,4.37,LOW
2.79,88.0,13.5,60.8,56.5,12,10.0,4.13,MEDIUM
2.13,82.0,4.2,69.1,47.5,1,8.1,3.14,HIGH
2.21,78.1,6.9,43.1,43.3,0,9.5,2.98,HIGH
3.82,77.8,16.1,73.9,75.6,12,6.9,4.48,LOW
1.73,67.1,13.0,47.8,27.2,5,9.4,2.85,HIGH
3.49,60.9,11.2,45.8,87.7,2,8.4,4.22,MEDIUM
4.0,72.2,18.9,77.6,61.6,8,6.8,4.23,MEDIUM
4.34,97.1,10.3,72.2,79.3,7,10.0,4.93,LOW
1.57,55.7,19.4,59.0,47.5,12,3.7,3.03,HIGH
1.57,99.5,5.6,36.5,48.2,5,10.0,2.68,HIGH
3.09,80.3,4.9,54.2,70.6,1,9.7,4.27,LOW
3.74,90.5,11.2,79.6,51.3,10,6.6,4.3,MEDIUM
2.19,91.3,12.0,52.7,37.7,10,10.0,3.68,HIGH
0.82,92.9,6.8,36.2,31.1,6,10.0,2.25,HIGH
2.88,78.4,10.3,77.4,64.2,3,7.4,4.27,MEDIUM
1.84,78.8,20.2,36.8,58.9,10,10.0,3.39,MEDIUM
3.85,92.3,9.6,89.9,65.7,7,8.2,4.12,LOW
4.42,61.3,0.4,100.0,69.0,3,8.7,4.1,MEDIUM
2.11,58.9,1.5,38.9,40.9,0,3.5,2.13,HIGH
2.23,70.6,24.5,41.7,76.3,19,6.6,3.7,MEDIUM
2.72,82.6,20.7,56.2,74.0,11,8.1,3.87,LOW
3.76,100.0,9.4,69.4,68.6,9,8.9,4.68,LOW
2.48,78.8,16.9,69.2,68.1,6,6.4,3.88,LOW
4.41,100.0,13.6,72.5,72.9,9,9.0,5.0,LOW
1.77,86.2,19.6,44.0,54.2,7,7.6,3.46,MEDIUM
3.32,70.7,5.6,57.1,47.9,5,6.1,3.4,HIGH
4.32,96.4,5.7,80.9,82.7,6,10.0,4.57,LOW
3.06,74.1,19.9,82.2,73.0,13,8.3,4.13,MEDIUM
2.31,82.0,3.0,67.9,46.4,1,8.0,2.97,HIGH
0.86,56.6,12.4,31.6,37.3,2,7.2,1.98,HIGH
4.06,53.9,11.7,82.2,68.1,8,5.2,4.5,HIGH
3.29,86.9,16.7,69.1,67.7,9,7.1,3.98,LOW
2.47,95.7,12.8,48.9,46.7,7,6.4,3.78,HIGH
4.9,100.0,11.2,100.0,96.5,4,10.0,5.0,LOW
3.74,65.1,9.7,84.3,55.2,6,2.1,3.56,MEDIUM
3.06,100.0,6.0,63.2,48.6,4,7.0,3.83,HIGH
3.02,99.0,11.0,58.1,75.9,10,10.0,4.56,LOW
3.51,70.1,19.0,66.2,37.7,5,7.0,3.45,HIGH
2.29,100.0,10.3,52.7,42.3,3,10.0,3.47,HIGH
1.4,93.1,20.4,35.7,36.0,13,8.0,3.37,HIGH
4.0,96.3,16.4,86.5,78.3,3,10.0,5.0,LOW
3.01,100.0,14.9,65.0,54.5,7,9.6,3.84,MEDIUM
1.87,95.6,11.0,33.5,30.6,14,10.0,3.1,HIGH
3.11,43.8,8.2,50.1,76.2,5,4.7,3.05,HIGH
1.24,83.2,22.1,43.5,48.0,15,9.3,3.39,HIGH
4.1,52.9,16.8,64.9,70.9,5,5.7,4.14,HIGH
4.23,80.4,11.2,75.0,55.7,9,8.6,4.52,MEDIUM
3.5,79.5,22.2,63.1,70.7,11,5.8,4.15,LOW
1.84,68.7,15.8,30.3,46.0,10,7.0,2.79,HIGH
1.92,61.6,3.5,46.8,36.8,5,7.4,2.83,HIGH
3.9,69.5,9.4,72.3,49.1,5,6.8,4.12,HIGH
3.88,72.6,16.4,66.9,69.1,11,7.1,4.69,MEDIUM
4.72,75.9,21.0,100.0,93.3,9,3.8,5.0,LOW
3.11,79.7,26.2,37.4,72.6,15,10.0,3.95,LOW
2.63,87.4,12.2,45.8,54.2,9,6.0,3.76,MEDIUM
2.74,73.0,15.7,50.3,48.8,8,6.1,3.45,HIGH
2.49,98.5,8.3,38.7,61.6,3,8.3,3.67,MEDIUM
1.59,77.4,6.7,61.4,26.6,3,8.3,2.71,HIGH
3.24,92.8,1.9,86.0,47.1,6,10.0,3.83,HIGH
3.42,73.1,14.3,59.4,64.8,11,8.6,4.04,MEDIUM
3.37,100.0,19.6,78.3,83.8,13,10.0,4.97,LOW
2.28,85.5,16.7,55.1,68.9,14,10.0,4.03,LOW
2.31,100.0,12.5,66.2,34.5,8,9.4,3.82,HIGH
3.97,66.9,19.3,73.4,68.3,12,5.0,4.17,MEDIUM
2.4,70.8,29.7,55.4,80.9,10,6.6,3.86,MEDIUM
2.43,74.0,7.0,65.4,43.7,2,5.2,2.82,HIGH
3.51,100.0,0.0,80.1,86.6,3,9.3,4.44,LOW
3.09,74.6,14.1,62.8,72.9,11,4.4,3.78,MEDIUM
4.38,64.8,18.5,71.3,93.6,7,4.8,4.62,MEDIUM
4.05,98.8,2.7,68.1,69.3,3,6.5,4.28,LOW
2.56,78.9,17.0,34.9,48.8,16,10.0,3.24,HIGH
1.91,74.5,10.0,51.6,33.9,6,7.7,2.82,HIGH
2.73,68.2,14.0,58.1,65.8,13,10.0,3.96,MEDIUM
3.59,85.8,6.5,71.8,48.6,6,10.0,4.05,HIGH
2.71,95.0,6.1,55.5,54.0,6,10.0,3.64,MEDIUM
3.54,90.6,5.4,56.7,87.2,1,8.8,4.23,LOW
3.64,70.3,16.0,72.7,76.1,5,8.0,4.28,MEDIUM
3.26,62.2,8.3,69.9,75.6,8,4.4,3.63,MEDIUM
2.99,13.7,13.6,51.2,40.2,9,0.3,2.37,HIGH
2.96,62.9,12.2,59.1,47.5,8,6.3,3.98,HIGH
2.09,72.0,4.9,39.9,61.5,0,3.7,2.96,MEDIUM
2.98,77.1,12.5,57.6,61.2,7,6.7,3.96,MEDIUM
1.32,73.7,13.4,23.5,24.1,6,9.0,2.56,HIGH
4.32,100.0,18.4,77.1,85.9,9,9.0,5.0,LOW
2.35,85.9,21.0,66.5,44.4,13,7.1,3.89,HIGH
4.23,58.2,5.9,73.4,100.0,7,5.1,4.0,HIGH
1.69,88.5,14.1,33.5,48.8,9,10.0,3.05,HIGH
2.27,84.3,0.0,42.8,38.7,2,9.1,2.97,HIGH
2.9,61.2,17.1,56.5,69.1,10,5.7,3.78,MEDIUM
2.52,82.6,18.6,70.8,72.7,10,8.3,4.17,LOW
4.49,86.5,0.0,96.4,80.8,0,10.0,4.55,LOW
2.07,94.4,10.0,44.6,37.8,7,10.0,3.16,HIGH
1.92,49.6,6.6,37.4,45.4,7,4.0,2.53,HIGH
2.64,88.4,9.9,37.1,47.7,6,8.7,3.4,HIGH
3.65,100.0,8.8,60.6,66.0,3,10.0,4.45,LOW
3.02,100.0,11.7,40.6,43.7,4,10.0,3.47,HIGH
1.5,58.4,17.9,44.9,49.5,8,3.0,2.85,HIGH
2.17,75.7,10.1,60.9,34.6,3,5.8,2.91,HIGH
4.3,77.2,6.1,75.7,85.5,13,6.0,4.55,LOW
3.33,88.8,10.8,68.7,60.9,4,8.0,4.06,MEDIUM
2.72,75.4,10.5,44.9,58.7,7,8.3,3.16,MEDIUM
2.69,66.6,11.5,35.9,49.9,7,10.0,3.32,HIGH
3.23,81.5,8.2,64.0,65.6,10,8.0,4.26,LOW
1.91,72.6,14.2,47.5,49.9,10,8.6,3.0,HIGH
2.91,87.0,19.8,75.7,54.5,13,10.0,4.66,MEDIUM
0.89,65.0,4.4,49.0,9.8,4,9.5,1.97,HIGH
1.99,61.6,14.7,42.1,49.9,10,8.4,3.23,HIGH
4.49,99.0,17.8,91.4,85.5,11,8.4,5.0,LOW
1.68,100.0,9.4,43.3,24.3,4,7.1,3.27,HIGH
0.19,100.0,19.5,17.9,8.9,9,8.7,2.01,HIGH
0.83,76.8,11.6,27.1,25.5,7,8.0,2.34,HIGH
1.21,94.9,5.2,31.7,7.4,3,8.0,2.14,HIGH
3.07,67.0,4.4,60.1,69.5,4,3.5,3.46,MEDIUM
3.86,86.1,16.7,89.5,66.2,7,6.2,4.61,LOW
0.78,68.7,16.2,28.8,32.3,5,10.0,2.37,HIGH
4.07,98.1,21.4,93.5,62.3,8,9.4,4.88,MEDIUM
3.5,96.0,16.0,58.5,91.2,9,10.0,4.71,LOW
2.63,100.0,11.4,26.1,37.8,2,9.5,3.26,HIGH
1.37,74.3,14.9,30.9,31.2,15,9.0,2.86,HIGH
3.38,100.0,12.4,57.3,79.7,14,9.7,4.66,LOW
4.13,86.1,10.0,62.0,62.0,9,8.6,4.51,MEDIUM
4.25,79.2,8.7,91.7,78.6,5,9.5,4.88,LOW
2.61,83.4,1.7,40.8,62.0,1,7.5,3.28,MEDIUM
3.9,100.0,7.5,79.4,54.6,6,7.6,4.31,MEDIUM
1.89,75.9,11.9,63.5,36.4,9,6.0,2.8,HIGH
2.37,76.7,0.0,39.1,53.5,2,6.0,2.93,MEDIUM
3.68,44.9,8.9,67.9,74.9,2,4.7,3.93,HIGH
3.97,75.6,17.5,88.1,63.7,10,3.8,4.29,MEDIUM
2.24,82.2,20.1,44.4,71.4,13,8.8,3.72,LOW
1.47,65.8,8.8,40.4,44.3,0,9.1,2.91,HIGH
3.68,61.9,8.6,76.6,78.8,2,5.2,4.35,MEDIUM
3.77,48.4,7.7,73.2,79.3,7,3.5,3.72,HIGH
3.68,68.6,8.6,65.8,50.8,5,10.0,4.4,MEDIUM
0.88,100.0,18.9,20.4,29.0,10,10.0,2.87,HIGH
4.78,54.3,21.8,75.7,84.7,16,6.3,5.0,HIGH
3.44,90.6,1.9,72.6,63.2,2,7.6,3.9,MEDIUM
3.44,92.1,7.1,60.1,68.7,4,10.0,4.21,LOW
4.13,100.0,0.8,88.8,50.5,1,8.0,4.37,MEDIUM
4.14,94.6,11.8,93.0,77.5,7,6.8,4.69,LOW
4.29,93.3,9.1,67.8,74.4,4,10.0,4.98,LOW
1.96,83.9,14.2,51.8,20.1,8,7.4,2.98,HIGH
4.5,78.0,16.0,100.0,86.1,6,3.8,4.85,LOW
3.47,91.6,15.3,58.5,52.4,8,10.0,3.94,MEDIUM
2.47,98.0,2.1,64.0,48.0,1,10.0,3.63,HIGH
2.55,80.7,11.8,58.9,50.7,8,9.4,3.68,MEDIUM
3.87,98.7,1.8,82.6,50.0,7,8.9,4.07,MEDIUM
2.71,100.0,22.4,48.0,35.1,13,5.7,3.75,HIGH
3.59,79.1,9.9,87.9,74.8,7,8.2,4.55,LOW
3.33,79.6,3.8,58.3,57.4,4,6.6,3.56,MEDIUM
2.33,76.5,8.7,56.4,45.9,3,5.9,3.22,HIGH
4.24,80.1,13.2,77.9,78.2,10,4.1,4.58,LOW
4.66,97.6,16.4,90.3,62.1,11,10.0,5.0,MEDIUM
2.75,79.4,19.8,46.5,51.6,11,5.7,3.44,MEDIUM
3.69,81.0,12.4,58.1,68.4,9,4.5,4.1,LOW
3.54,74.0,10.0,70.9,88.7,7,10.0,4.04,MEDIUM
3.62,85.8,16.1,65.7,57.7,11,8.6,4.6,MEDIUM
4.93,69.9,15.9,85.0,96.6,12,6.7,5.0,MEDIUM
3.69,58.4,12.7,75.9,69.7,6,6.5,3.87,HIGH
1.02,85.2,16.9,15.3,18.6,14,9.4,2.22,HIGH
4.31,100.0,8.3,91.7,70.7,1,10.0,5.0,LOW
1.89,73.4,11.9,44.6,54.9,9,4.3,3.01,MEDIUM
3.09,61.3,0.0,68.9,70.5,2,3.0,3.39,MEDIUM
2.59,100.0,20.3,59.1,48.0,9,8.5,3.96,HIGH
2.17,78.7,9.0,53.3,52.4,9,6.9,3.03,MEDIUM
2.38,93.1,20.4,38.7,38.8,6,8.6,3.61,HIGH
3.16,66.3,8.1,74.0,60.1,10,7.1,3.92,MEDIUM
4.54,78.2,13.8,85.9,76.4,15,7.3,4.94,LOW
3.97,100.0,12.3,69.8,84.7,7,8.6,4.35,LOW
1.41,80.1,8.4,34.8,43.2,3,8.8,2.83,HIGH
2.7,80.3,14.9,59.2,47.7,7,9.5,3.77,HIGH
3.03,54.2,19.7,62.3,53.5,14,3.8,3.61,HIGH
1.32,90.6,22.7,40.8,36.2,12,6.3,3.29,HIGH
2.14,65.4,16.5,63.6,46.0,1,6.9,3.44,HIGH
4.75,95.9,4.7,75.8,81.1,5,8.8,4.94,LOW
4.67,81.2,3.6,92.5,79.1,6,9.8,4.57,LOW
2.63,82.7,18.8,53.4,71.3,12,6.3,3.69,LOW
2.77,90.4,6.0,68.0,51.4,7,6.6,3.52,MEDIUM
3.11,84.0,15.7,78.0,65.2,14,7.1,4.25,LOW
2.77,100.0,12.8,58.5,85.8,7,10.0,4.51,LOW
2.57,100.0,19.9,59.8,43.8,17,9.3,4.11,HIGH
2.91,58.5,15.1,70.8,61.0,9,5.7,3.67,HIGH
2.51,75.3,11.8,62.7,56.1,11,6.5,3.72,MEDIUM
1.98,91.4,24.4,57.3,45.6,13,10.0,3.65,HIGH
3.58,62.9,16.9,65.8,68.6,16,7.3,4.36,MEDIUM
1.68,52.9,15.3,35.1,31.0,11,2.2,2.45,HIGH
1.0,65.8,7.9,18.6,36.2,5,8.4,2.3,HIGH
3.88,76.2,5.1,71.3,50.3,0,8.8,4.06,MEDIUM
3.38,13.0,10.4,64.9,86.9,7,3.5,3.45,HIGH
1.24,60.2,3.0,32.2,56.0,1,5.0,1.91,HIGH
3.71,49.5,10.1,75.6,66.1,8,3.1,3.66,HIGH
4.15,96.3,16.8,82.5,88.8,12,9.5,5.0,LOW
0.59,92.9,17.9,23.3,22.8,14,9.6,2.48,HIGH
2.76,82.5,9.9,59.9,56.8,8,10.0,3.66,MEDIUM
1.84,79.6,29.6,50.9,35.6,17,9.2,3.61,HIGH
3.15,86.7,19.6,54.2,71.9,15,9.0,4.57,LOW
3.81,62.0,11.8,81.5,64.4,12,5.9,4.29,MEDIUM
3.07,98.0,18.8,54.9,70.4,8,9.8,4.69,LOW
1.86,79.5,8.5,57.3,43.5,11,7.2,3.24,HIGH
4.1,92.7,13.5,78.1,75.1,12,10.0,4.97,LOW
3.37,92.0,9.8,66.2,47.3,4,6.3,3.79,HIGH
2.14,86.5,4.7,29.2,48.7,0,8.7,2.62,HIGH
3.77,83.0,15.2,78.2,57.1,13,10.0,4.55,MEDIUM
4.09,81.8,12.0,77.4,76.1,8,5.9,4.54,LOW
0.96,77.0,12.4,31.1,54.7,6,10.0,2.94,MEDIUM
4.22,85.7,11.8,77.4,60.5,8,6.4,4.51,MEDIUM
3.08,81.3,6.6,67.5,59.4,8,7.1,3.87,MEDIUM
0.23,70.2,21.5,26.7,13.6,6,9.1,2.32,HIGH
2.09,87.8,13.5,51.3,34.8,9,10.0,3.29,HIGH
3.61,82.5,10.4,82.3,59.1,7,9.0,4.46,MEDIUM
3.82,97.4,4.1,65.1,89.2,8,10.0,4.89,LOW
4.22,49.0,20.4,72.3,97.9,14,8.5,4.71,HIGH
2.33,78.6,17.5,54.0,38.1,13,5.1,3.27,HIGH
4.58,66.4,12.0,90.3,86.9,6,3.2,4.52,MEDIUM
4.56,69.7,4.3,88.5,70.7,6,3.1,4.05,MEDIUM
3.83,87.0,22.0,59.5,63.4,11,7.0,4.82,MEDIUM
4.19,55.0,9.8,65.8,52.1,6,4.1,4.39,HIGH
1.18,80.1,8.0,30.8,60.1,7,8.8,2.9,MEDIUM
4.07,78.5,11.7,58.1,88.1,8,9.9,4.53,LOW
3.0,61.2,14.3,62.6,52.1,10,7.9,4.01,MEDIUM
2.91,80.5,11.0,57.9,62.2,11,9.8,4.05,MEDIUM
3.14,65.8,0.0,52.9,57.1,0,4.7,3.01,MEDIUM
1.04,100.0,13.5,25.0,43.9,5,10.0,2.71,HIGH
2.06,97.2,17.5,47.0,42.7,8,8.3,3.64,HIGH
4.5,79.1,6.7,67.6,78.7,1,9.1,4.58,LOW
0.96,71.1,21.4,23.4,23.6,17,7.2,2.76,HIGH
4.08,86.1,17.2,73.5,82.3,12,10.0,5.0,LOW
3.94,90.3,14.8,71.2,99.7,12,10.0,4.82,LOW
2.06,82.1,5.9,43.2,43.4,7,8.1,2.89,HIGH
3.63,61.8,13.7,83.1,65.3,8,4.0,3.88,MEDIUM
2.31,74.6,14.1,59.2,50.1,13,4.2,3.44,MEDIUM
2.06,79.2,11.5,39.5,49.9,5,6.1,3.03,HIGH
3.07,82.6,17.3,50.7,57.4,16,10.0,3.99,MEDIUM
2.53,83.0,9.8,48.8,48.7,7,9.3,3.4,HIGH
2.9,89.7,10.4,70.7,59.6,12,9.4,4.23,MEDIUM
3.75,99.5,8.0,49.9,49.4,2,10.0,3.95,HIGH
3.03,94.2,9.3,61.3,53.9,5,10.0,3.79,MEDIUM
2.72,87.4,11.1,52.7,32.1,2,5.6,2.96,HIGH
2.68,57.9,10.9,67.2,49.6,10,7.8,3.28,HIGH
1.04,97.0,10.6,40.4,21.1,8,10.0,2.94,HIGH
4.01,91.1,17.5,60.4,81.6,16,6.2,4.6,LOW
3.73,73.9,21.0,83.0,61.5,11,8.1,4.88,MEDIUM
3.73,78.5,4.3,47.6,65.8,8,5.2,3.9,LOW
2.24,79.0,20.9,54.8,23.6,12,8.9,3.2,HIGH
3.12,71.0,16.0,68.8,73.9,9,7.3,4.0,MEDIUM
4.58,50.0,6.6,100.0,69.1,4,3.0,3.82,HIGH
3.21,60.1,10.0,65.4,57.1,4,6.8,3.51,MEDIUM
3.37,63.5,13.7,58.9,74.5,9,8.0,4.42,MEDIUM
3.9,46.5,2.1,63.4,81.9,3,3.5,4.0,HIGH
3.72,60.2,11.5,85.4,56.7,3,7.6,4.34,MEDIUM
3.09,96.3,15.2,78.3,67.6,2,9.1,4.45,LOW
4.05,85.8,7.5,71.2,60.9,4,10.0,4.29,MEDIUM
3.67,62.5,3.1,70.3,72.2,7,6.1,3.91,MEDIUM
4.2,67.0,13.2,91.7,67.5,9,9.0,4.74,MEDIUM
3.61,97.7,25.2,76.9,56.4,10,7.9,4.66,MEDIUM
1.41,97.3,7.7,34.3,38.2,0,8.0,2.58,HIGH
3.91,79.1,7.9,66.1,64.1,9,6.3,4.12,MEDIUM
3.57,96.8,10.8,60.1,92.2,2,9.9,4.3,LOW
0.94,65.7,21.4,38.7,23.8,14,6.3,2.67,HIGH
1.98,81.6,2.1,41.0,31.4,4,8.7,2.56,HIGH
1.41,54.4,16.6,32.0,26.9,15,3.1,2.47,HIGH
3.03,72.2,9.2,66.5,60.2,4,5.8,3.43,MEDIUM
2.44,78.4,9.7,52.3,53.4,9,10.0,3.5,MEDIUM
1.98,51.0,5.9,48.5,49.4,9,5.8,2.82,HIGH
1.94,87.5,10.5,40.8,56.1,3,10.0,3.26,MEDIUM
4.08,90.2,6.1,72.5,55.1,5,8.5,4.38,MEDIUM
1.79,94.2,8.7,34.5,54.5,6,10.0,3.32,MEDIUM
2.2,100.0,0.0,55.0,37.8,0,9.1,3.05,HIGH
3.79,84.7,1.6,72.7,75.9,3,4.8,3.96,LOW
4.03,77.0,14.0,78.4,95.1,5,9.8,4.72,LOW
3.98,52.4,19.6,64.5,64.1,12,5.6,3.96,HIGH
4.62,84.3,31.4,91.2,72.6,20,7.0,5.0,LOW
1.19,87.0,17.5,35.9,22.3,10,8.7,2.64,HIGH
3.56,56.3,8.9,75.7,63.8,6,4.7,4.01,HIGH
0.78,74.2,0.1,30.1,44.1,6,10.0,2.37,HIGH
2.94,78.2,15.2,61.9,45.7,13,9.2,3.77,HIGH
4.19,86.5,3.3,59.6,70.7,1,6.4,4.15,LOW
1.59,91.7,7.2,50.2,51.9,7,6.6,3.16,MEDIUM
4.02,69.4,17.3,62.1,81.7,1,7.4,4.01,MEDIUM
4.61,81.2,13.8,94.5,76.5,5,8.4,4.96,LOW
1.49,87.2,6.4,36.7,36.4,8,9.8,2.84,HIGH
3.22,75.1,1.8,47.2,74.0,1,7.2,3.51,LOW
3.0,71.3,13.3,59.2,79.0,8,5.8,3.5,MEDIUM
4.87,89.4,14.0,73.1,100.0,6,10.0,5.0,LOW
2.57,75.2,21.0,64.6,70.5,9,8.7,4.37,LOW
0.98,58.8,0.0,24.5,23.7,0,8.4,1.91,HIGH
3.76,100.0,12.7,60.9,92.4,7,10.0,4.58,LOW
4.63,60.6,17.5,91.1,74.0,12,4.4,4.91,MEDIUM
4.6,76.5,9.5,83.6,62.6,7,8.2,4.36,MEDIUM
1.94,83.1,2.4,49.4,46.6,0,7.7,2.98,HIGH
2.56,85.3,6.5,52.3,71.6,0,6.6,3.58,LOW
3.99,80.7,12.2,86.4,81.8,6,4.5,4.49,LOW
1.68,30.9,9.1,36.2,40.6,2,7.6,2.47,HIGH
3.47,66.8,13.8,51.4,70.1,6,5.6,3.98,MEDIUM
2.45,82.7,19.7,40.9,58.7,12,8.0,3.54,MEDIUM
2.06,76.3,9.6,50.2,48.6,4,8.1,3.08,HIGH
2.85,86.2,19.3,51.2,54.4,15,8.8,3.82,MEDIUM
1.46,94.3,11.3,49.7,29.6,4,4.4,2.65,HIGH
4.43,86.1,14.0,69.7,81.3,7,8.3,4.93,LOW
2.6,66.3,11.3,64.3,53.0,10,10.0,3.63,MEDIUM
2.55,69.4,14.2,48.9,53.7,11,6.5,3.63,MEDIUM
1.19,100.0,15.2,46.0,47.2,11,10.0,3.0,HIGH
2.72,75.1,15.9,60.9,53.2,8,7.6,3.75,MEDIUM
1.45,76.5,12.0,38.7,35.8,9,6.9,2.91,HIGH
1.19,86.2,0.0,39.5,36.9,4,8.9,2.55,HIGH
2.02,97.8,15.6,57.6,77.8,11,9.9,3.79,LOW
0.85,63.6,0.2,27.3,16.9,1,6.4,1.47,HIGH
1.42,70.1,8.4,17.5,51.0,7,5.8,2.67,MEDIUM
3.23,52.3,0.0,75.5,59.7,1,2.5,3.13,HIGH
2.33,73.3,22.2,47.3,49.9,14,8.4,3.46,HIGH
1.92,87.1,14.5,69.4,29.1,9,8.9,3.3,HIGH
3.25,72.2,10.0,57.8,86.1,2,10.0,4.05,MEDIUM
3.6,100.0,20.5,65.2,71.1,10,9.9,4.96,LOW
3.6,79.9,15.2,76.4,76.3,15,5.0,4.11,LOW
4.28,76.4,12.7,86.9,60.0,2,8.3,4.58,MEDIUM
2.27,72.4,14.4,53.2,42.0,13,7.4,3.62,HIGH
3.1,56.2,9.7,55.8,66.3,8,4.8,3.69,HIGH
3.18,76.6,4.6,51.1,60.6,4,8.9,4.09,MEDIUM
2.13,83.7,17.8,40.1,53.1,5,9.4,3.33,MEDIUM
4.09,76.1,11.6,61.1,100.0,7,5.2,4.73,LOW
4.32,81.7,1.4,100.0,84.5,0,7.2,4.64,LOW
1.09,67.3,15.0,21.0,27.8,13,8.9,2.35,HIGH
3.54,58.1,12.2,65.2,59.7,6,3.8,3.23,HIGH
4.43,76.3,22.2,88.4,70.8,12,7.3,4.87,LOW
2.19,81.5,13.6,47.9,43.6,9,8.6,3.55,HIGH
3.26,75.3,4.9,58.0,59.0,2,5.2,3.18,MEDIUM
3.32,81.3,1.3,63.3,65.9,5,7.9,4.23,LOW
2.52,90.4,19.6,46.7,59.6,10,8.8,3.95,MEDIUM
3.26,90.4,11.6,61.3,68.8,2,8.4,3.86,LOW
3.51,91.7,6.8,71.6,68.7,5,6.1,4.19,LOW
4.71,94.1,7.7,75.2,86.3,8,9.4,5.0,LOW
3.38,86.0,19.8,76.4,95.7,16,7.4,4.79,LOW
4.72,83.7,14.8,86.5,75.4,11,10.0,5.0,LOW
2.28,100.0,18.6,43.4,49.5,14,10.0,4.2,HIGH
3.18,90.5,13.5,59.5,41.1,10,7.5,3.76,HIGH
3.14,64.5,7.0,73.7,57.3,2,5.7,3.53,MEDIUM
3.76,48.2,22.7,79.6,59.9,11,5.1,4.4,HIGH
2.25,74.1,9.7,51.1,40.7,0,6.6,2.97,HIGH
4.55,88.0,16.8,77.2,67.4,9,5.8,4.91,LOW
3.39,93.3,18.5,71.6,49.3,13,9.9,4.3,HIGH
2.3,58.0,12.0,49.7,51.7,3,6.9,2.92,HIGH
1.66,89.7,5.3,57.4,49.8,8,10.0,3.35,HIGH
1.69,96.2,7.9,40.0,32.4,5,10.0,2.78,HIGH
1.49,87.7,16.1,54.2,14.5,7,7.1,2.91,HIGH
1.61,84.7,15.2,41.1,41.9,4,10.0,2.9,HIGH
4.07,75.9,19.8,65.6,80.6,16,5.3,4.73,LOW
1.16,70.6,18.8,65.4,42.4,14,7.8,3.42,HIGH
3.31,90.6,6.3,50.1,52.0,3,7.6,3.27,MEDIUM
1.72,87.3,20.7,21.1,34.8,15,9.6,3.04,HIGH
2.86,72.8,5.8,37.2,44.8,4,4.3,2.59,HIGH
2.78,100.0,15.6,84.1,48.1,7,10.0,4.15,HIGH
2.2,53.8,26.5,69.2,39.3,13,3.8,3.42,HIGH
2.78,74.3,13.9,58.1,50.8,8,8.4,3.57,MEDIUM
3.16,65.7,1.3,66.8,59.2,1,7.3,3.05,MEDIUM
3.1,84.1,10.0,64.0,62.8,7,9.2,4.17,MEDIUM
3.8,46.8,25.0,54.3,61.1,19,4.8,3.76,HIGH
1.64,98.3,10.8,54.2,39.3,14,7.5,3.46,HIGH
3.3,94.1,20.0,77.8,53.4,8,10.0,4.29,MEDIUM
3.5,82.3,6.3,55.3,46.0,6,8.0,3.51,HIGH
3.42,73.0,9.9,69.6,72.4,7,7.0,4.08,MEDIUM
1.69,89.5,10.7,39.6,33.7,8,10.0,3.23,HIGH
3.98,83.3,23.7,72.5,52.9,12,6.5,4.89,MEDIUM
1.91,93.2,10.2,36.9,51.5,8,9.2,3.2,MEDIUM
3.99,76.0,0.7,73.7,70.8,0,7.9,3.81,LOW
3.02,75.1,26.3,55.0,65.7,20,7.0,4.32,LOW
3.08,95.2,13.4,71.9,66.2,9,10.0,4.08,LOW
2.24,88.1,15.9,48.4,36.3,12,7.7,3.54,HIGH
4.31,75.2,2.4,72.8,89.5,0,7.4,4.49,LOW
1.46,83.9,13.5,36.7,16.5,6,8.7,2.89,HIGH
4.03,81.0,12.1,74.1,69.7,3,10.0,4.7,LOW
1.07,85.5,6.2,29.3,27.5,9,10.0,2.54,HIGH
3.7,98.3,16.0,77.3,60.5,6,10.0,4.6,MEDIUM
3.36,72.4,1.8,62.7,79.8,2,9.6,3.76,MEDIUM
2.21,67.7,6.2,42.5,52.6,4,5.3,2.72,MEDIUM
0.69,82.4,19.3,11.8,10.8,13,10.0,2.28,HIGH
1.44,69.4,7.6,36.5,23.0,1,6.5,2.05,HIGH
1.9,63.4,9.0,56.0,70.5,9,6.3,3.22,MEDIUM
4.62,93.9,12.5,83.1,77.0,12,10.0,5.0,LOW
3.1,73.4,9.8,56.5,51.9,4,9.0,3.74,MEDIUM
2.51,48.1,16.1,45.1,67.1,9,4.5,3.25,HIGH
4.32,91.6,13.1,62.6,57.2,10,5.1,4.56,MEDIUM
3.7,71.0,3.0,82.3,86.5,4,8.4,4.26,MEDIUM
2.06,87.2,7.6,50.8,37.3,2,6.9,2.77,HIGH
1.95,95.3,6.9,52.0,51.5,7,10.0,3.53,MEDIUM
2.48,81.0,9.2,54.8,47.0,11,9.6,3.5,HIGH
3.48,45.4,12.7,59.2,47.8,12,4.9,3.41,HIGH
1.02,46.6,13.8,27.2,34.5,10,6.5,2.11,HIGH
4.13,67.2,0.0,72.0,87.2,4,5.7,4.17,MEDIUM
3.44,77.1,18.2,62.4,37.9,9,10.0,3.9,HIGH
2.9,97.2,11.5,54.4,44.7,4,10.0,3.86,HIGH
2.09,82.7,5.3,57.4,62.2,4,7.9,3.51,MEDIUM
2.91,100.0,17.7,78.9,63.5,17,10.0,4.51,MEDIUM
2.47,54.1,0.0,43.3,58.1,0,4.1,3.1,HIGH
2.16,79.9,2.5,45.7,59.4,4,3.8,2.87,MEDIUM
1.06,70.9,24.8,33.1,38.5,15,4.6,2.78,HIGH
4.33,81.8,12.9,70.1,80.4,7,10.0,4.44,LOW
3.59,100.0,7.6,69.4,81.7,10,10.0,4.61,LOW
3.25,100.0,12.7,67.3,58.8,13,10.0,4.32,MEDIUM
4.0,78.9,10.9,74.3,73.9,15,9.7,4.64,LOW
2.87,91.8,12.2,64.3,68.1,5,9.8,4.29,LOW
2.75,81.4,14.9,56.3,47.3,10,7.6,4.0,HIGH
1.18,60.8,10.8,4.0,51.6,7,5.2,2.43,MEDIUM
2.03,78.2,14.1,35.9,50.0,7,5.5,3.04,HIGH
3.38,69.9,11.1,80.1,51.6,5,4.9,3.83,MEDIUM
3.82,77.0,7.1,77.5,69.1,6,8.0,4.57,LOW
1.59,64.4,5.4,10.4,23.6,3,6.1,1.78,HIGH
4.95,80.5,19.9,74.2,88.4,9,9.0,5.0,LOW
3.81,82.9,15.9,79.4,66.8,10,8.1,4.37,LOW
1.79,89.3,18.2,36.1,32.7,7,6.8,3.24,HIGH
2.37,83.0,12.0,23.6,29.8,6,8.8,2.91,HIGH
3.85,100.0,13.4,83.3,62.4,9,10.0,4.55,MEDIUM
4.34,100.0,10.9,87.3,76.6,7,10.0,4.9,LOW
1.85,71.5,18.9,34.4,39.4,10,7.5,2.91,HIGH
2.87,93.5,9.9,70.5,41.2,12,10.0,4.11,HIGH
4.26,100.0,6.1,71.0,77.9,9,7.6,4.97,LOW
2.0,93.9,15.1,38.8,34.2,9,7.5,3.09,HIGH
4.28,89.5,11.1,74.3,89.0,4,5.5,4.53,LOW
1.9,48.9,13.5,24.6,57.5,11,5.1,3.14,HIGH
2.94,69.1,16.3,63.3,56.1,17,3.0,3.89,MEDIUM
2.86,71.4,8.5,63.1,76.9,10,7.6,3.74,MEDIUM
3.66,100.0,10.7,65.3,67.5,3,9.9,4.47,LOW
1.63,66.3,10.1,46.4,25.2,6,5.5,2.43,HIGH
4.03,76.6,19.7,59.5,88.6,9,8.6,4.45,LOW
3.08,91.4,12.1,68.1,80.5,5,9.7,4.28,LOW
4.03,65.6,12.9,78.8,86.4,11,9.8,4.43,MEDIUM
2.57,82.5,5.1,46.6,44.8,7,9.5,3.21,HIGH
2.77,80.4,16.4,60.7,41.9,15,7.9,3.67,HIGH
3.78,92.0,14.6,62.9,66.7,11,4.6,4.21,LOW
3.65,88.5,7.0,80.8,98.8,5,10.0,4.95,LOW
3.25,88.0,23.5,69.0,49.4,14,10.0,4.46,HIGH
1.78,81.2,14.0,45.3,52.7,6,10.0,3.16,MEDIUM
2.41,51.2,8.3,46.5,50.6,10,0.5,2.83,HIGH
3.61,80.2,12.0,76.9,79.9,5,8.4,4.71,LOW
2.46,78.9,9.8,63.9,37.3,5,9.2,3.21,HIGH
1.4,90.3,21.3,52.1,34.7,11,10.0,3.06,HIGH
3.57,71.2,17.6,63.1,57.3,1,8.3,3.76,MEDIUM
3.33,78.7,14.7,73.1,54.5,11,8.0,4.19,MEDIUM
2.45,79.2,22.3,65.7,61.2,10,5.9,4.17,MEDIUM
1.26,66.6,5.8,31.4,22.2,6,6.4,2.32,HIGH
4.79,59.5,16.7,100.0,88.6,8,6.7,5.0,HIGH
3.18,84.1,15.3,64.3,63.2,8,10.0,3.74,MEDIUM
3.33,94.1,10.6,54.7,53.2,3,6.2,3.63,MEDIUM
2.9,68.0,10.6,51.4,49.8,11,7.4,3.26,HIGH
1.94,74.5,17.5,29.7,49.2,15,4.5,3.18,HIGH
3.45,91.3,17.1,66.3,66.0,13,9.7,4.46,LOW
1.43,92.8,3.5,34.8,38.4,4,7.0,2.05,HIGH
3.23,81.7,22.9,65.3,60.4,13,5.3,4.34,MEDIUM
4.55,84.6,18.9,96.8,78.1,14,10.0,5.0,LOW
3.34,86.5,10.3,65.0,64.5,6,5.9,4.39,MEDIUM
2.04,89.4,7.3,42.9,63.8,9,7.7,3.42,MEDIUM
1.58,60.9,18.7,36.7,46.5,8,6.0,2.95,HIGH
2.6,100.0,15.0,35.5,52.9,12,5.8,3.39,MEDIUM
2.82,82.4,16.3,64.2,44.5,14,9.8,3.59,HIGH
4.52,89.7,15.4,81.4,76.3,6,7.6,5.0,LOW
3.36,65.8,19.3,66.2,54.0,9,4.5,3.96,MEDIUM
3.5,75.0,17.1,65.6,57.5,10,9.4,4.44,MEDIUM
1.96,84.0,8.8,45.6,22.9,7,5.7,2.72,HIGH
2.62,49.1,8.4,41.1,54.5,4,5.8,3.41,HIGH
3.8,63.6,14.1,72.0,96.0,9,6.4,4.58,MEDIUM
0.69,66.4,25.7,19.3,30.0,8,6.8,2.21,HIGH
0.97,57.5,11.1,29.9,40.3,9,5.6,2.21,HIGH
0.79,79.7,14.2,16.7,40.6,11,8.2,2.19,HIGH
2.34,76.8,17.4,54.9,47.3,15,3.1,3.21,HIGH
4.03,100.0,9.5,75.6,71.8,8,8.3,4.59,LOW
1.78,60.1,16.8,28.7,26.1,9,4.2,2.77,HIGH
1.95,81.8,12.1,53.7,47.6,4,10.0,3.3,HIGH
2.47,63.9,19.5,46.9,53.2,9,6.7,3.62,MEDIUM
2.45,50.5,6.3,48.2,42.1,4,5.1,2.72,HIGH
2.65,87.4,25.9,62.7,68.9,12,10.0,4.15,LOW
1.82,88.7,10.1,53.0,34.1,4,4.8,3.03,HIGH
1.58,86.8,15.1,34.0,74.2,9,10.0,3.32,LOW
4.77,56.9,12.0,87.7,89.6,3,5.7,4.63,HIGH
1.03,79.3,5.5,37.2,32.1,1,6.4,2.7,HIGH
3.61,87.6,17.0,81.8,91.8,11,7.7,4.99,LOW
4.44,93.2,10.4,82.4,52.7,8,8.3,4.44,MEDIUM
4.08,88.1,15.2,80.9,71.7,12,10.0,5.0,LOW
1.52,93.4,7.2,28.6,34.0,6,9.8,2.6,HIGH
4.29,95.1,10.4,64.2,75.8,7,10.0,4.37,LOW
1.22,79.7,10.2,38.8,37.8,9,6.5,2.88,HIGH
2.22,86.0,15.3,40.2,46.6,10,8.8,3.47,HIGH
2.9,94.0,13.8,49.3,75.4,6,10.0,4.08,LOW
1.58,84.2,10.9,45.1,45.3,5,10.0,2.75,HIGH
2.95,97.2,9.8,57.7,65.1,11,7.0,3.94,LOW
2.04,92.0,13.9,47.9,52.1,18,10.0,3.73,MEDIUM
4.6,67.9,13.2,71.2,67.0,10,6.5,4.25,MEDIUM
3.08,57.1,12.8,52.2,63.6,5,6.4,3.53,HIGH
4.1,78.3,23.8,92.8,78.2,19,6.8,5.0,LOW
4.69,59.1,15.3,78.8,70.2,8,9.0,4.7,HIGH
3.24,79.3,23.5,61.6,74.1,15,8.5,4.58,LOW
4.58,77.9,11.6,86.1,57.7,7,6.6,4.45,MEDIUM
3.77,98.8,11.7,60.8,100.0,8,8.9,4.62,LOW
3.8,86.1,9.0,85.5,70.8,5,10.0,4.44,LOW
3.02,93.6,13.8,60.4,50.0,12,10.0,4.27,MEDIUM
1.26,70.2,10.0,31.6,43.1,6,7.2,2.54,HIGH
2.6,100.0,9.2,64.6,61.8,8,9.2,3.93,MEDIUM
1.69,92.3,0.6,49.5,66.2,4,10.0,3.17,LOW
4.0,84.8,20.8,94.7,95.5,12,7.4,4.98,LOW
2.02,49.1,9.7,41.0,30.4,2,3.8,2.62,HIGH
3.17,96.9,20.8,84.5,59.1,9,10.0,4.54,MEDIUM
3.72,100.0,11.4,77.2,59.1,9,10.0,4.44,MEDIUM
1.86,78.2,15.9,59.8,53.0,10,7.7,3.46,MEDIUM
2.81,78.5,12.4,67.0,74.3,5,7.0,3.83,LOW
2.33,69.7,14.5,43.5,34.8,9,6.6,3.12,HIGH
3.02,51.9,5.9,52.0,59.5,5,7.7,3.17,HIGH
1.8,69.0,19.1,23.9,35.6,13,8.6,2.93,HIGH
4.71,100.0,9.8,65.5,94.1,12,8.7,5.0,LOW
3.54,95.3,17.6,62.0,72.5,3,8.9,4.8,LOW
4.79,65.6,3.2,99.5,99.2,7,3.9,5.0,MEDIUM
3.77,68.7,7.5,66.6,65.8,6,7.4,4.16,MEDIUM
2.78,100.0,14.2,50.0,55.5,6,2.1,3.58,MEDIUM
3.99,61.7,11.0,81.8,78.6,8,3.1,4.4,MEDIUM
4.08,66.6,14.7,67.6,71.9,13,6.8,4.55,MEDIUM
3.79,71.1,13.2,90.2,74.6,13,1.9,4.27,MEDIUM
2.93,56.3,23.0,56.3,74.3,10,10.0,3.72,HIGH
1.9,69.4,15.2,52.8,70.2,7,5.2,2.96,MEDIUM
4.31,69.6,9.4,77.7,72.5,2,7.9,4.36,MEDIUM
4.05,63.6,9.6,76.0,100.0,7,8.9,4.56,MEDIUM
2.64,99.2,19.2,65.9,49.0,12,10.0,4.02,HIGH
1.63,59.3,2.8,41.7,51.2,6,5.9,2.42,HIGH
3.96,75.7,15.4,89.3,67.5,11,6.4,4.41,LOW
2.04,64.0,5.3,37.7,34.2,7,3.8,2.63,HIGH
2.48,74.6,18.7,39.2,67.4,7,6.5,2.95,MEDIUM
4.02,63.2,9.4,57.8,73.7,11,6.5,4.23,MEDIUM
1.66,79.2,15.2,52.5,56.7,13,7.9,3.34,MEDIUM
1.07,83.1,12.2,40.1,42.1,6,6.4,2.99,HIGH
1.0,100.0,3.7,27.3,36.9,1,10.0,2.61,HIGH
3.89,68.6,15.8,76.3,79.1,12,4.0,4.07,MEDIUM
3.83,100.0,7.7,83.2,84.7,1,10.0,4.38,LOW
2.9,65.1,16.8,56.6,69.7,8,8.2,3.62,MEDIUM
4.03,74.2,6.0,57.8,69.5,1,7.9,4.07,MEDIUM
2.45,100.0,13.5,34.2,57.3,8,10.0,3.33,MEDIUM
2.66,100.0,12.2,43.9,73.2,6,10.0,4.0,LOW
2.44,100.0,8.4,52.6,52.7,3,10.0,3.76,MEDIUM
0.84,74.4,20.3,18.1,23.8,9,2.1,2.02,HIGH
2.45,86.2,12.2,62.2,44.9,6,10.0,3.44,HIGH
1.55,88.9,9.5,25.6,49.9,3,10.0,2.49,HIGH
1.86,83.5,13.8,36.0,41.2,10,9.4,3.45,HIGH
3.79,61.9,3.3,53.7,75.5,7,7.4,4.22,MEDIUM
0.73,81.8,26.7,21.5,24.8,16,7.2,2.89,HIGH
2.29,69.9,5.5,49.4,64.1,8,8.5,3.28,MEDIUM
2.22,62.5,15.3,59.0,50.8,7,9.8,3.39,MEDIUM
3.21,73.0,12.4,64.4,80.1,5,3.5,4.06,MEDIUM
1.63,83.0,19.1,46.8,57.5,12,10.0,3.55,MEDIUM
3.36,94.0,13.1,75.4,64.0,10,9.1,3.79,MEDIUM
1.87,73.9,8.2,47.0,60.2,6,6.1,3.27,MEDIUM
3.85,76.7,0.9,63.7,67.8,2,5.3,4.07,LOW
3.22,90.9,1.3,67.3,66.2,0,9.8,4.14,LOW
3.23,79.1,10.6,78.4,53.9,0,10.0,4.06,MEDIUM
1.97,84.1,20.2,41.4,52.7,13,7.6,3.67,MEDIUM
1.45,79.2,2.0,42.3,41.9,5,9.3,2.43,HIGH
2.52,81.2,23.1,58.1,59.5,12,8.1,3.94,MEDIUM
3.94,60.7,18.5,70.4,56.9,9,2.8,3.86,MEDIUM
2.02,80.0,3.9,54.7,22.5,1,7.6,3.01,HIGH
4.0,100.0,5.5,71.2,60.5,3,8.7,4.38,MEDIUM
3.95,80.7,6.1,78.8,79.3,8,6.0,4.38,LOW
1.89,64.7,13.8,41.0,52.6,6,5.6,2.74,MEDIUM
3.24,100.0,11.7,64.0,76.9,9,9.4,4.23,LOW
4.42,89.5,11.4,90.6,75.0,6,10.0,4.74,LOW
2.15,90.3,9.0,27.7,50.5,0,9.1,3.23,MEDIUM
3.5,89.8,13.1,73.7,58.6,7,6.2,4.3,MEDIUM
1.41,60.0,17.0,43.2,54.1,15,8.4,3.12,HIGH
3.05,88.4,11.2,55.0,52.2,5,9.6,3.97,MEDIUM
2.09,100.0,8.0,46.0,61.3,5,10.0,3.4,MEDIUM
3.46,70.3,18.0,57.2,63.5,11,8.8,3.76,MEDIUM
4.29,47.1,10.7,71.3,96.9,7,4.7,4.49,HIGH
2.81,83.8,15.3,59.8,59.5,14,7.3,3.93,MEDIUM
2.64,78.5,11.4,80.9,56.9,5,8.5,4.01,MEDIUM
1.64,53.2,18.5,46.2,31.9,11,6.6,2.83,HIGH
4.41,87.7,19.4,72.7,100.0,13,9.5,5.0,LOW
4.79,86.5,19.2,94.7,97.0,9,10.0,5.0,LOW
3.13,54.5,8.7,67.7,67.9,6,5.7,3.9,HIGH
4.71,100.0,8.6,68.3,86.8,9,8.0,4.94,LOW
3.8,90.0,17.2,68.9,63.3,9,7.7,4.62,MEDIUM
0.59,47.8,11.6,22.5,34.4,7,7.5,2.02,HIGH
1.53,91.1,11.8,39.1,38.6,4,9.2,2.63,HIGH
2.34,90.6,7.8,49.9,51.5,8,6.8,3.13,MEDIUM
3.44,100.0,20.5,68.1,76.9,12,7.6,4.69,LOW
0.84,68.0,18.2,18.3,33.2,9,4.1,2.12,HIGH
3.47,91.3,11.3,63.7,66.7,6,10.0,4.09,LOW
4.3,74.2,8.1,76.8,95.4,6,8.0,4.95,MEDIUM
2.69,69.1,7.9,66.9,45.8,6,10.0,3.2,HIGH
3.13,64.2,12.8,54.9,41.9,6,7.6,3.4,HIGH
3.38,47.5,14.3,63.3,55.8,7,6.0,3.42,HIGH
3.18,86.6,6.8,59.1,64.3,4,10.0,4.24,MEDIUM
2.18,73.6,4.5,63.6,56.8,4,5.4,3.69,MEDIUM
3.71,34.3,12.5,77.3,61.0,13,0.4,3.55,HIGH
2.46,79.2,17.2,42.5,96.6,8,9.0,4.23,LOW
3.28,96.5,12.4,68.2,66.1,3,9.2,4.5,LOW
2.76,57.1,10.5,46.3,58.5,11,6.3,3.51,HIGH
2.2,66.6,5.2,50.6,33.3,1,9.1,2.98,HIGH
3.21,85.1,8.2,76.8,45.6,10,10.0,3.65,HIGH
4.24,37.1,17.3,59.0,55.9,14,6.7,4.18,HIGH
1.11,69.5,4.5,21.6,50.0,5,5.1,2.34,HIGH
2.96,83.5,22.6,61.0,74.0,16,10.0,4.42,LOW
1.28,69.0,12.5,30.3,35.9,2,5.4,2.35,HIGH
1.08,57.2,2.5,33.3,18.5,0,9.1,1.97,HIGH
1.69,58.0,15.0,39.5,38.3,10,6.7,2.69,HIGH
4.41,52.2,14.7,64.4,96.8,8,6.2,4.47,HIGH
3.07,67.9,9.4,67.3,54.9,4,5.6,3.36,MEDIUM
2.36,94.9,17.6,37.1,40.3,13,8.4,3.62,HIGH
2.32,100.0,8.3,51.9,45.9,6,10.0,3.51,HIGH
3.75,78.6,15.8,66.7,67.0,13,10.0,4.32,LOW
3.21,90.3,11.8,87.2,71.9,6,10.0,4.51,LOW
2.18,62.9,10.3,46.5,22.0,7,7.0,2.72,HIGH
1.41,44.5,20.1,39.7,39.8,16,3.6,2.7,HIGH
1.72,100.0,17.9,46.3,33.7,7,10.0,3.33,HIGH
4.5,68.5,5.4,85.9,74.6,4,9.4,4.68,MEDIUM
3.24,89.5,14.3,63.4,72.5,6,9.4,4.23,LOW
2.39,80.5,23.4,40.9,35.8,18,7.3,3.47,HIGH
3.54,93.9,20.2,67.0,69.8,19,10.0,4.83,LOW
3.78,93.3,6.5,53.1,76.7,5,8.8,4.35,LOW
2.29,82.4,21.6,54.2,57.0,14,7.5,4.04,MEDIUM
2.4,84.2,17.6,80.2,60.0,10,8.3,4.25,MEDIUM
2.76,97.4,5.7,58.1,63.5,4,10.0,3.85,MEDIUM
4.09,71.4,13.2,79.7,83.9,8,6.7,4.32,MEDIUM
4.43,100.0,14.9,65.9,69.4,5,9.9,4.95,LOW
2.94,66.7,5.5,51.0,75.6,6,7.0,3.7,MEDIUM
4.22,79.2,16.2,87.2,62.9,7,7.2,4.66,MEDIUM
0.68,88.1,26.6,10.8,32.0,14,10.0,2.91,HIGH
2.04,51.9,20.2,38.3,38.4,12,8.9,2.94,HIGH
4.27,100.0,13.0,84.8,57.2,6,9.4,4.44,MEDIUM
2.96,85.6,10.3,67.5,52.6,8,7.0,3.63,MEDIUM
3.48,100.0,14.0,66.1,65.3,7,9.1,3.83,LOW
2.61,100.0,6.1,55.4,71.2,8,10.0,4.05,LOW
3.34,77.8,9.1,66.3,86.5,3,7.6,4.17,LOW
3.21,100.0,0.2,50.7,61.3,1,7.4,3.85,MEDIUM
3.82,91.6,14.6,71.5,54.8,6,8.8,4.51,MEDIUM
1.66,81.7,10.0,42.3,25.6,9,9.0,2.73,HIGH
1.27,51.5,15.7,33.1,45.0,8,7.1,2.38,HIGH
1.48,55.2,12.7,18.0,47.3,6,9.0,2.37,HIGH
4.14,78.1,5.9,92.5,68.7,4,6.9,4.82,LOW
1.1,70.1,13.2,20.5,19.3,8,5.8,2.1,HIGH
2.53,81.6,7.7,53.7,65.3,7,7.7,3.53,LOW
2.15,100.0,21.9,50.4,33.3,14,8.1,3.69,HIGH
4.0,91.8,6.9,70.4,68.6,5,7.8,4.05,LOW
2.91,66.9,9.2,61.1,64.4,6,5.3,3.48,MEDIUM
3.75,92.8,5.9,63.5,46.5,0,9.9,3.78,HIGH
0.84,63.4,5.4,49.1,41.2,3,4.7,2.04,HIGH
1.88,59.7,12.2,40.5,72.8,12,7.6,3.21,HIGH
3.82,84.1,4.5,81.4,72.9,5,10.0,4.44,LOW
2.7,65.0,10.9,44.6,55.5,4,4.2,2.9,MEDIUM
2.43,67.7,14.6,58.7,52.5,8,4.2,3.25,MEDIUM
2.8,93.9,9.5,49.8,59.9,4,8.3,3.73,MEDIUM
3.09,88.5,0.0,47.4,52.5,5,8.0,3.56,MEDIUM
2.69,72.1,20.0,44.6,42.1,14,9.7,3.56,HIGH
1.36,52.0,13.6,26.9,32.8,6,5.1,2.29,HIGH
3.53,66.2,13.7,69.1,69.3,8,7.5,4.04,MEDIUM
3.96,100.0,10.6,100.0,61.4,3,10.0,5.0,MEDIUM
1.94,93.5,16.9,71.4,29.0,8,7.6,3.54,HIGH
2.47,100.0,17.6,48.8,47.3,9,9.5,3.65,HIGH
3.32,82.1,18.2,74.4,48.4,9,8.2,4.03,HIGH
4.41,72.4,13.6,68.7,87.8,9,8.0,4.81,MEDIUM
2.73,92.5,3.7,34.9,14.9,7,6.4,2.74,HIGH
2.89,98.5,14.4,58.6,44.4,9,8.7,3.5,HIGH
2.85,70.3,13.6,63.1,74.8,5,7.1,3.92,MEDIUM
2.86,66.6,8.7,65.7,55.3,6,5.8,3.41,MEDIUM
2.97,53.7,7.2,70.3,61.8,6,2.6,3.49,HIGH
3.12,66.2,15.3,58.5,60.2,9,5.2,3.72,MEDIUM
2.42,88.7,11.5,52.0,44.4,13,6.1,3.59,HIGH
4.9,68.5,9.7,96.7,99.8,7,9.6,5.0,MEDIUM
0.15,92.9,22.0,29.1,13.2,14,8.7,2.68,HIGH
2.33,100.0,16.0,40.9,40.7,3,9.9,3.4,HIGH
2.96,78.4,14.6,61.5,67.3,6,5.9,3.94,LOW
1.6,77.7,19.3,45.5,17.3,13,8.2,2.93,HIGH
4.04,86.8,14.0,77.1,71.2,9,10.0,4.78,LOW
1.9,68.8,7.8,37.2,38.3,4,5.0,2.29,HIGH
2.13,67.6,9.7,47.0,44.2,8,5.0,3.15,HIGH
3.56,68.1,16.4,73.7,62.0,12,5.8,3.69,MEDIUM
2.93,59.7,15.7,51.4,63.5,8,3.2,3.46,HIGH
4.42,92.4,14.7,69.3,93.1,7,10.0,4.73,LOW
2.91,70.1,5.2,79.3,64.3,3,8.5,3.63,MEDIUM
4.74,95.8,16.9,88.0,80.4,11,6.7,5.0,LOW
2.63,86.5,11.6,63.8,62.3,6,10.0,4.07,MEDIUM
1.46,77.6,15.6,39.0,47.4,12,9.5,3.32,HIGH
2.84,91.0,7.0,68.1,62.1,4,3.4,3.63,MEDIUM
2.4,62.9,23.8,51.8,64.2,12,4.1,3.78,MEDIUM
3.14,65.5,13.5,67.9,33.7,15,5.3,3.53,HIGH
2.99,89.4,9.5,48.8,60.2,3,10.0,3.64,MEDIUM
2.01,42.9,15.9,27.5,49.9,12,5.2,2.79,HIGH
1.13,78.2,17.1,27.2,16.1,5,6.0,2.12,HIGH
1.99,87.4,15.8,30.5,48.5,11,10.0,3.31,HIGH
4.59,99.0,6.0,62.7,93.2,13,8.5,4.9,LOW
3.28,100.0,18.9,67.3,61.3,14,8.3,4.17,MEDIUM
2.68,75.9,9.9,37.5,63.4,10,5.3,3.46,MEDIUM
3.5,90.3,11.9,76.9,79.2,7,8.7,4.57,LOW
3.5,65.1,0.0,82.0,83.1,4,8.3,4.32,MEDIUM
1.33,70.9,9.2,20.6,50.6,7,5.3,2.12,MEDIUM
3.43,99.9,9.2,69.3,82.4,12,10.0,4.5,LOW
3.16,77.4,14.7,81.0,56.3,6,8.1,4.3,MEDIUM
2.92,80.6,8.9,54.1,54.2,9,8.0,3.76,MEDIUM
3.52,61.5,2.3,73.8,37.5,4,6.8,3.56,HIGH
2.08,84.8,13.5,70.2,34.4,5,10.0,3.73,HIGH
4.02,90.1,10.5,58.5,88.8,6,9.6,4.49,LOW
3.1,89.6,7.6,51.4,54.2,1,10.0,3.54,MEDIUM
2.76,58.6,12.5,62.0,61.4,0,3.7,3.48,HIGH
2.9,94.0,1.3,80.2,61.4,0,8.5,3.99,MEDIUM
4.34,62.0,15.7,73.0,93.6,8,4.0,4.56,MEDIUM
3.52,77.6,10.9,92.1,43.0,7,8.9,4.09,HIGH
4.42,52.1,10.4,82.6,84.1,3,7.7,4.27,HIGH
4.73,75.1,17.7,66.3,88.3,9,6.9,5.0,LOW
2.94,61.9,8.8,75.1,48.9,7,6.8,3.94,HIGH
4.57,70.8,13.6,78.9,93.4,7,4.1,4.98,MEDIUM
2.63,79.0,11.2,59.0,38.0,4,7.9,3.49,HIGH
3.84,91.2,31.3,56.0,84.5,15,5.8,5.0,LOW
4.24,90.7,14.9,71.0,51.5,13,9.2,4.65,MEDIUM
3.43,40.6,5.2,51.4,55.1,0,0.2,2.54,HIGH
1.89,88.9,22.5,27.4,42.8,16,10.0,3.33,HIGH
0.92,81.3,18.3,29.8,33.5,15,8.0,2.91,HIGH
3.25,69.0,12.3,69.4,41.1,7,6.7,3.46,HIGH
1.8,63.9,9.4,36.5,55.7,8,10.0,3.04,MEDIUM
3.3,77.0,4.0,50.2,73.3,1,7.8,3.95,LOW
3.17,81.7,14.6,49.8,85.2,10,4.9,4.32,LOW
3.82,84.0,7.9,76.1,80.0,12,7.5,4.73,LOW
3.23,74.8,6.7,64.5,54.4,9,10.0,3.9,MEDIUM
3.86,37.6,16.7,76.8,59.2,8,2.0,3.9,HIGH
4.04,70.1,21.3,91.1,69.5,8,6.1,4.6,MEDIUM
1.37,59.1,9.1,41.3,63.4,5,9.0,3.2,HIGH
0.73,100.0,16.8,30.1,28.8,11,8.5,2.42,HIGH
0.93,78.9,13.3,52.6,32.0,10,7.7,2.76,HIGH
2.46,89.9,14.2,49.1,69.0,8,10.0,3.79,LOW
1.42,88.2,7.1,60.2,23.9,10,7.7,3.0,HIGH
3.03,83.0,10.7,74.6,66.8,7,6.7,3.96,LOW
4.63,71.3,5.4,81.5,89.1,3,3.4,4.99,MEDIUM
4.09,69.3,4.7,84.4,86.7,5,4.7,4.55,MEDIUM
2.04,45.7,15.1,43.5,56.8,11,2.8,2.67,HIGH
3.27,80.3,8.9,49.6,63.0,4,7.3,3.2,MEDIUM
1.68,82.8,6.5,40.1,24.9,2,9.0,2.41,HIGH
3.95,77.2,4.7,59.6,66.5,0,7.6,4.06,LOW
2.49,80.3,2.9,54.7,63.0,2,5.6,3.24,MEDIUM
3.09,58.7,0.3,69.4,83.5,5,8.6,3.67,HIGH
3.69,73.3,12.7,68.2,55.0,10,5.1,3.83,MEDIUM
2.26,67.6,0.0,51.2,34.1,5,10.0,3.03,HIGH
3.99,88.6,14.8,77.0,54.9,7,9.2,4.41,MEDIUM
1.94,78.7,14.8,52.6,36.0,8,10.0,3.15,HIGH
1.91,67.8,11.4,44.6,56.2,1,7.8,3.22,MEDIUM
3.2,75.4,12.4,59.8,78.5,11,10.0,4.54,LOW
1.46,61.4,10.3,45.0,13.6,11,6.1,2.13,HIGH
3.48,72.7,13.4,68.8,52.3,5,6.7,4.11,MEDIUM
2.32,87.3,13.3,28.4,33.8,13,9.3,3.19,HIGH
2.02,56.7,19.8,41.8,35.8,11,5.1,3.07,HIGH
4.22,77.0,21.2,73.1,74.4,9,8.6,4.9,LOW
4.48,66.0,21.0,83.7,76.0,11,9.7,4.95,MEDIUM
2.55,56.7,7.2,53.7,59.9,7,2.3,3.07,HIGH
1.7,100.0,16.5,21.0,18.7,10,9.8,3.04,HIGH
2.2,98.1,15.0,33.1,42.6,7,10.0,3.18,HIGH
3.17,68.4,8.1,53.0,78.7,7,6.1,3.55,MEDIUM
2.2,73.4,6.7,48.7,65.7,7,9.4,3.81,MEDIUM
2.76,45.6,9.7,67.2,76.6,6,6.3,3.78,HIGH
4.33,52.5,5.6,64.0,83.4,3,2.4,4.13,HIGH
3.33,60.0,3.7,58.2,56.8,2,6.6,3.36,HIGH
2.69,77.5,15.0,54.9,57.8,10,8.2,3.41,MEDIUM
1.84,76.2,12.2,33.2,74.0,3,10.0,3.21,LOW
3.06,83.3,12.2,61.8,54.5,5,3.1,3.7,MEDIUM
4.24,88.9,17.6,84.9,99.3,10,5.6,5.0,LOW
1.72,82.4,10.8,33.3,12.9,5,7.8,2.6,HIGH
1.68,60.7,17.0,43.5,48.4,11,5.4,3.02,HIGH
1.74,83.2,7.6,39.9,50.1,6,6.6,2.91,MEDIUM
3.21,88.2,7.5,51.6,67.4,13,7.2,4.09,LOW
2.41,71.2,12.1,49.7,57.0,5,8.5,3.21,MEDIUM
4.11,48.5,24.7,81.2,81.8,14,3.2,4.57,HIGH
2.72,96.9,19.7,69.9,62.9,8,8.6,4.19,MEDIUM
3.46,79.4,18.6,83.3,62.5,17,9.9,4.9,MEDIUM
2.49,33.6,3.8,46.7,49.6,8,5.0,2.1,HIGH
3.37,100.0,12.9,59.3,48.9,3,9.0,4.0,HIGH
2.88,70.3,16.9,58.6,67.1,9,4.1,3.79,MEDIUM
1.41,100.0,24.5,30.7,53.3,14,10.0,3.17,MEDIUM
2.17,84.0,1.9,59.7,69.4,1,6.5,3.49,LOW
3.27,74.8,16.4,65.1,54.0,8,10.0,4.01,MEDIUM
2.79,80.9,18.4,57.4,36.4,13,8.9,3.53,HIGH
0.74,66.7,14.7,32.6,32.9,14,6.3,2.61,HIGH
3.19,79.0,3.9,64.4,48.8,6,8.8,3.5,HIGH
4.8,100.0,13.5,90.0,92.0,11,6.1,5.0,LOW
3.35,63.6,14.6,67.9,38.5,8,9.3,3.77,HIGH
1.97,86.5,13.1,43.1,58.6,11,8.2,3.36,MEDIUM
3.62,66.5,7.9,60.3,70.5,8,7.0,3.74,MEDIUM
4.32,75.3,7.1,97.4,55.4,4,6.4,4.22,MEDIUM
3.97,100.0,14.7,65.5,77.3,8,9.7,4.95,LOW
3.01,86.4,7.9,76.7,61.2,1,10.0,4.22,MEDIUM
1.5,89.9,8.1,40.9,45.3,1,8.5,3.03,HIGH
2.57,79.1,11.2,47.6,63.7,6,7.1,3.52,MEDIUM
4.15,100.0,13.0,82.8,47.1,5,10.0,4.72,HIGH
3.42,62.8,18.2,74.2,60.3,13,6.9,4.19,MEDIUM
4.36,52.7,4.8,97.6,78.0,3,8.4,4.32,HIGH
2.18,100.0,4.2,34.5,45.0,5,6.0,2.86,HIGH
2.92,71.9,9.7,57.4,54.6,3,6.3,3.4,MEDIUM
2.2,84.6,1.2,61.8,61.5,6,5.6,3.18,MEDIUM
4.3,100.0,15.5,87.0,57.5,11,10.0,4.97,MEDIUM
2.62,84.8,0.0,59.2,51.2,3,5.9,3.58,MEDIUM
0.76,100.0,16.2,41.2,26.1,12,10.0,2.95,HIGH
3.14,80.2,18.7,60.3,60.7,12,5.4,4.3,MEDIUM
3.12,66.7,13.6,37.8,49.9,5,5.7,3.31,HIGH
4.8,40.3,0.9,83.4,100.0,4,2.0,4.24,HIGH
3.73,82.8,12.6,91.1,82.0,5,8.3,4.38,LOW
1.17,42.2,7.2,35.6,61.0,6,8.3,2.61,HIGH
4.08,83.2,4.8,67.8,82.8,2,5.5,4.15,LOW
2.15,100.0,15.5,60.7,57.3,14,7.7,3.7,MEDIUM
1.82,77.7,16.6,50.8,43.5,12,9.0,3.11,HIGH
3.38,81.0,19.7,67.2,84.1,14,7.8,4.66,LOW
4.25,92.7,10.3,84.6,84.2,4,6.7,4.69,LOW
2.82,88.7,13.0,47.2,55.2,9,7.9,4.05,MEDIUM
2.2,96.6,22.0,44.4,71.0,13,6.6,4.16,LOW
1.73,77.7,24.6,40.3,26.6,14,6.8,2.97,HIGH
4.08,42.0,18.5,87.2,66.3,5,2.3,3.58,HIGH
1.82,96.8,9.9,36.8,77.2,12,10.0,3.7,LOW
4.1,74.2,12.0,76.3,83.5,7,8.7,4.57,MEDIUM
3.89,63.9,10.9,87.7,40.8,8,1.1,3.93,HIGH
4.22,83.4,16.2,100.0,89.3,6,8.6,5.0,LOW
2.18,81.0,7.1,39.0,36.2,9,3.5,3.04,HIGH
3.04,66.0,13.9,61.9,53.6,13,6.6,3.82,MEDIUM
3.67,57.4,14.0,55.0,100.0,11,8.9,4.15,HIGH
1.05,85.5,14.3,30.6,52.6,9,7.9,2.74,MEDIUM
4.9,64.4,5.9,85.6,100.0,11,7.0,4.88,MEDIUM
3.08,79.8,13.5,73.7,53.9,11,9.5,4.04,MEDIUM
3.56,84.0,22.6,56.7,64.4,9,9.9,4.36,MEDIUM
2.17,93.5,9.3,34.5,51.1,7,10.0,3.49,MEDIUM
1.11,100.0,13.6,46.9,44.0,10,10.0,3.31,HIGH
2.28,81.8,0.9,42.9,45.9,2,6.7,2.83,HIGH
0.67,71.2,13.5,27.0,49.9,10,8.4,2.71,HIGH
2.39,100.0,13.3,53.8,57.4,12,10.0,3.68,MEDIUM
1.96,94.8,12.7,36.5,63.3,7,10.0,3.66,MEDIUM
4.23,80.7,16.4,70.6,67.9,9,8.4,4.78,LOW
1.19,81.8,10.3,44.1,29.6,3,4.8,2.53,HIGH
3.77,78.4,19.1,78.3,73.7,5,5.7,4.56,LOW
3.92,80.6,6.7,73.7,67.4,4,6.6,4.32,LOW
1.67,76.4,20.7,38.7,53.9,10,5.4,3.37,MEDIUM
3.99,62.4,13.3,78.0,86.6,8,5.9,4.61,MEDIUM
4.12,78.1,11.6,80.6,72.8,6,6.0,4.7,LOW
2.74,100.0,3.4,68.7,64.3,0,10.0,3.57,MEDIUM
1.54,64.9,5.3,38.0,64.1,3,5.7,2.75,MEDIUM
2.73,73.7,14.1,60.4,68.8,10,5.1,3.75,MEDIUM
2.13,63.7,7.7,54.1,55.6,4,4.5,3.02,MEDIUM
3.19,96.5,18.0,70.3,78.3,10,9.8,4.81,LOW
2.91,91.3,13.7,73.1,78.9,15,8.6,4.48,LOW
2.59,57.5,3.4,53.8,72.5,6,5.8,3.3,HIGH
2.38,45.7,16.6,45.1,50.5,10,4.1,3.09,HIGH
3.2,91.9,11.0,59.5,73.7,8,10.0,3.96,LOW
4.25,56.6,11.7,85.2,74.0,5,7.4,4.71,HIGH
2.26,91.3,18.3,47.9,49.1,9,7.4,3.55,HIGH
3.0,67.8,3.6,82.9,65.7,2,2.9,3.86,MEDIUM
3.05,89.1,5.3,60.9,43.3,4,8.2,3.41,HIGH
1.95,85.1,14.0,34.8,49.8,8,6.2,2.95,HIGH
3.93,69.4,1.8,77.1,64.7,0,3.5,3.75,MEDIUM
4.02,63.9,8.4,90.7,60.0,7,7.7,4.26,MEDIUM
3.78,87.2,17.9,63.6,80.5,9,8.7,4.54,LOW
1.76,66.9,11.3,33.0,39.5,13,8.9,2.71,HIGH
2.04,95.7,3.8,43.7,49.1,7,9.4,3.33,HIGH
4.67,64.7,13.1,78.5,80.5,3,6.0,4.87,MEDIUM
1.05,83.6,9.6,17.3,25.4,6,5.8,2.53,HIGH
3.26,71.8,7.8,48.5,65.1,10,5.9,3.61,MEDIUM
1.31,78.1,33.3,36.9,20.0,20,4.2,2.77,HIGH
3.34,66.8,15.4,72.2,63.6,9,8.8,4.06,MEDIUM
3.62,75.1,10.3,62.3,92.5,0,4.9,4.49,LOW
1.43,37.0,17.4,35.8,23.7,10,4.1,2.38,HIGH
2.36,65.0,10.3,52.2,68.1,7,6.0,3.44,MEDIUM
1.05,68.6,8.9,19.7,57.8,0,7.6,2.33,MEDIUM
0.38,76.8,13.8,29.2,13.8,10,7.8,2.28,HIGH
4.19,98.7,15.1,80.0,80.6,7,7.2,5.0,LOW
2.13,66.8,17.6,52.3,32.3,11,6.0,3.05,HIGH
4.61,100.0,20.5,91.0,65.2,12,10.0,4.9,LOW
2.23,64.2,19.1,72.6,51.2,10,4.8,3.28,MEDIUM
1.93,60.3,17.1,33.7,49.9,12,8.3,3.08,HIGH
1.25,47.9,17.8,24.9,28.7,11,6.1,2.24,HIGH
2.25,87.7,19.1,65.6,35.9,19,9.0,4.05,HIGH
1.95,79.4,16.3,50.7,35.8,15,6.5,3.1,HIGH
4.26,86.8,2.5,79.6,88.4,0,9.2,4.6,LOW
3.43,80.1,15.0,61.7,76.9,13,7.0,4.19,LOW
4.77,77.9,20.3,84.2,92.5,9,10.0,5.0,LOW
3.31,82.6,7.2,62.5,59.7,2,5.7,3.55,MEDIUM
1.13,100.0,9.6,17.0,20.9,2,10.0,2.39,HIGH
3.67,70.4,11.6,79.8,85.1,6,7.1,4.11,MEDIUM
3.27,100.0,13.1,44.0,83.5,11,10.0,4.31,LOW
3.48,91.6,8.7,58.8,60.5,6,10.0,4.45,MEDIUM
2.4,83.8,12.3,46.7,49.7,9,6.6,3.74,HIGH
3.78,86.9,15.1,93.1,53.3,0,6.9,4.47,MEDIUM
1.94,26.9,0.0,43.1,51.6,1,3.1,2.23,HIGH
0.94,73.8,12.4,32.3,56.1,5,9.3,2.63,MEDIUM
0.94,67.3,9.7,20.3,42.4,2,6.2,2.23,HIGH
2.23,100.0,1.8,57.1,75.8,0,10.0,3.73,LOW
2.19,72.5,15.4,77.3,43.9,9,6.7,3.5,HIGH
2.64,77.5,13.9,59.5,39.3,10,6.3,3.61,HIGH
2.81,77.3,13.0,53.9,75.4,5,8.6,3.69,LOW
4.62,57.1,15.7,64.0,84.8,11,4.6,5.0,HIGH
4.36,69.0,13.9,87.3,68.3,11,5.8,4.91,MEDIUM
3.33,91.1,7.6,55.1,87.1,6,9.6,4.14,LOW
1.11,43.9,16.3,24.1,26.2,7,6.3,2.09,HIGH
4.62,83.0,17.4,93.6,69.2,9,8.9,4.93,LOW
2.0,63.6,5.5,40.2,53.2,5,6.6,2.95,MEDIUM
1.71,98.8,17.3,39.8,26.4,8,10.0,3.15,HIGH
3.8,84.3,10.3,79.5,83.5,9,9.8,4.33,LOW
2.26,53.7,15.7,41.8,35.8,6,4.7,2.58,HIGH
3.43,71.3,12.9,53.5,69.0,9,9.3,4.31,MEDIUM
3.85,85.3,11.0,77.3,75.6,10,8.0,4.53,LOW
1.71,73.1,15.2,48.2,45.2,10,8.5,3.1,HIGH
4.25,80.3,10.0,72.9,62.0,4,9.1,4.52,MEDIUM
2.91,77.7,18.5,52.3,56.3,6,7.8,3.95,MEDIUM
2.94,91.9,19.5,48.1,75.6,8,7.7,4.14,LOW
4.02,85.0,8.7,82.4,71.9,7,8.4,4.13,LOW
1.52,77.2,11.0,57.1,25.5,6,6.8,2.6,HIGH
3.06,78.3,9.8,70.2,55.5,5,8.4,3.4,MEDIUM
1.49,60.7,14.3,36.5,23.8,10,6.9,2.21,HIGH
1.59,100.0,19.9,46.1,14.1,5,6.1,2.92,HIGH
2.03,100.0,2.0,37.2,44.3,2,10.0,3.09,HIGH
3.27,72.7,3.5,67.7,64.9,0,10.0,4.05,MEDIUM
2.33,78.8,11.5,39.1,59.0,3,7.2,3.26,MEDIUM
3.76,94.2,13.1,70.2,76.3,7,10.0,4.47,LOW
3.02,94.2,6.4,71.1,67.7,12,10.0,4.47,LOW
3.06,80.9,13.1,69.0,60.4,10,4.8,4.25,MEDIUM
0.72,62.4,7.6,31.4,53.5,2,7.2,2.48,MEDIUM
2.73,100.0,9.3,60.2,46.2,10,8.3,3.77,HIGH
2.19,88.9,19.6,40.4,44.8,7,8.5,3.37,HIGH
4.37,81.5,9.9,82.0,99.1,11,5.2,4.69,LOW
2.99,66.4,9.8,67.6,55.1,4,7.5,3.45,MEDIUM
3.61,78.9,12.8,66.7,67.2,8,7.2,4.1,LOW
3.1,49.0,18.6,59.5,66.3,17,7.6,3.63,HIGH
3.47,89.9,11.7,62.4,80.7,6,6.3,4.22,LOW
4.52,93.8,8.7,79.9,82.9,11,10.0,4.99,LOW
3.42,81.7,15.5,58.6,55.3,9,9.0,4.33,MEDIUM
3.96,62.6,16.9,74.6,68.5,10,4.5,3.93,MEDIUM
3.31,85.2,18.9,61.4,70.8,8,5.4,4.22,LOW
4.3,90.6,11.8,64.8,74.7,12,8.5,4.44,LOW
4.25,66.1,14.9,100.0,71.8,7,7.1,4.3,MEDIUM
4.78,92.9,16.7,76.3,73.7,16,7.2,5.0,LOW
1.11,86.4,13.1,30.3,47.8,6,6.7,2.75,HIGH
3.18,73.6,19.9,63.4,61.1,10,9.3,4.39,MEDIUM
2.07,69.1,15.9,40.8,45.7,12,5.3,3.03,HIGH
4.0,75.1,23.3,74.2,82.2,13,8.7,4.78,LOW
